doc_id,date_str
fomc_statement_19940101,19940101
fomc_statement_19970325,19970325
fomc_statement_19980929,19980929
fomc_statement_19981015,19981015
fomc_statement_19981117,19981117
fomc_statement_19990518,19990518
fomc_statement_19990630,19990630
fomc_statement_19990824,19990824
fomc_statement_19991005,19991005
fomc_statement_19991116,19991116
fomc_statement_19991221,19991221
fomc_statement_20000202,20000202
fomc_statement_20000321,20000321
fomc_statement_20000516,20000516
fomc_statement_20000628,20000628
fomc_statement_20000822,20000822
fomc_statement_20001003,20001003
fomc_statement_20001115,20001115
fomc_statement_20001219,20001219
fomc_statement_20010103,20010103
fomc_statement_20010131,20010131
fomc_statement_20010320,20010320
fomc_statement_20010418,20010418
fomc_statement_20010515,20010515
fomc_statement_20010627,20010627
fomc_statement_20010821,20010821
fomc_statement_20010917,20010917
fomc_statement_20011002,20011002
fomc_statement_20011106,20011106
fomc_statement_20011211,20011211
fomc_statement_20020130,20020130
fomc_statement_20020319,20020319
fomc_statement_20020507,20020507
fomc_statement_20020626,20020626
fomc_statement_20020813,20020813
fomc_statement_20020924,20020924
fomc_statement_20021106,20021106
fomc_statement_20021210,20021210
fomc_statement_20030129,20030129
fomc_statement_20030318,20030318
fomc_statement_20030506,20030506
fomc_statement_20030625,20030625
fomc_statement_20030812,20030812
fomc_statement_20030916,20030916
fomc_statement_20031028,20031028
fomc_statement_20031209,20031209
fomc_statement_20040128,20040128
fomc_statement_20040316,20040316
fomc_statement_20040504,20040504
fomc_statement_20040630,20040630
fomc_statement_20040810,20040810
fomc_statement_20040921,20040921
fomc_statement_20041110,20041110
fomc_statement_20041214,20041214
fomc_statement_20050202,20050202
fomc_statement_20050322,20050322
fomc_statement_20050503,20050503
fomc_statement_20050630,20050630
fomc_statement_20050809,20050809
fomc_statement_20050920,20050920
fomc_statement_20051101,20051101
fomc_statement_20051213,20051213
fomc_statement_20060131,20060131
fomc_statement_20060328,20060328
fomc_statement_20060510,20060510
fomc_statement_20060629,20060629
fomc_statement_20060808,20060808
fomc_statement_20060920,20060920
fomc_statement_20061025,20061025
fomc_statement_20061212,20061212
fomc_statement_20070131,20070131
fomc_statement_20070321,20070321
fomc_statement_20070509,20070509
fomc_statement_20070618,20070618
fomc_statement_20070807,20070807
fomc_statement_20070810,20070810
fomc_statement_20070817,20070817
fomc_statement_20070918,20070918
fomc_statement_20071031,20071031
fomc_statement_20071211,20071211
fomc_statement_20080122,20080122
fomc_statement_20080130,20080130
fomc_statement_20080311,20080311
fomc_statement_20080318,20080318
fomc_statement_20080430,20080430
fomc_statement_20080625,20080625
fomc_statement_20080805,20080805
fomc_statement_20080916,20080916
fomc_statement_20081008,20081008
fomc_statement_20081029,20081029
fomc_statement_20081216,20081216
fomc_statement_20090128,20090128
fomc_statement_20090318,20090318
fomc_statement_20090429,20090429
fomc_statement_20090624,20090624
fomc_statement_20090812,20090812
fomc_statement_20090923,20090923
fomc_statement_20091104,20091104
fomc_statement_20091216,20091216
fomc_statement_20100127,20100127
fomc_statement_20100316,20100316
fomc_statement_20100428,20100428
fomc_statement_20100509,20100509
fomc_statement_20100623,20100623
fomc_statement_20100810,20100810
fomc_statement_20100921,20100921
fomc_statement_20101103,20101103
fomc_statement_20101214,20101214
fomc_statement_20110126,20110126
fomc_statement_20110315,20110315
fomc_statement_20110427,20110427
fomc_statement_20110622,20110622
fomc_statement_20110809,20110809
fomc_statement_20110921,20110921
fomc_statement_20111102,20111102
fomc_statement_20111213,20111213
fomc_statement_20120101,20120101
fomc_statement_20120125,20120125
fomc_statement_20120313,20120313
fomc_statement_20120425,20120425
fomc_statement_20120620,20120620
fomc_statement_20120801,20120801
fomc_statement_20120913,20120913
fomc_statement_20121024,20121024
fomc_statement_20121212,20121212
fomc_statement_20130101,20130101
fomc_statement_20130130,20130130
fomc_statement_20130320,20130320
fomc_statement_20130501,20130501
fomc_statement_20130619,20130619
fomc_statement_20130731,20130731
fomc_statement_20130918,20130918
fomc_statement_20131030,20131030
fomc_statement_20131218,20131218
fomc_statement_20140101,20140101
fomc_statement_20140129,20140129
fomc_statement_20140319,20140319
fomc_statement_20140430,20140430
fomc_statement_20140618,20140618
fomc_statement_20140730,20140730
fomc_statement_20140917,20140917
fomc_statement_20141029,20141029
fomc_statement_20141217,20141217
fomc_statement_20150101,20150101
fomc_statement_20150128,20150128
fomc_statement_20150318,20150318
fomc_statement_20150429,20150429
fomc_statement_20150617,20150617
fomc_statement_20150729,20150729
fomc_statement_20150917,20150917
fomc_statement_20151028,20151028
fomc_statement_20151216,20151216
fomc_statement_20160127,20160127
fomc_statement_20160316,20160316
fomc_statement_20160427,20160427
fomc_statement_20160615,20160615
fomc_statement_20160727,20160727
fomc_statement_20160921,20160921
fomc_statement_20161102,20161102
fomc_statement_20161214,20161214
fomc_statement_20170101,20170101
fomc_statement_20170201,20170201
fomc_statement_20170315,20170315
fomc_statement_20170503,20170503
fomc_statement_20170614,20170614
fomc_statement_20170726,20170726
fomc_statement_20170920,20170920
fomc_statement_20171101,20171101
fomc_statement_20171213,20171213
fomc_statement_20180131,20180131
fomc_statement_20180321,20180321
fomc_statement_20180502,20180502
fomc_statement_20180613,20180613
fomc_statement_20180801,20180801
fomc_statement_20180926,20180926
fomc_statement_20181108,20181108
fomc_statement_20181219,20181219
fomc_statement_20190130,20190130
fomc_statement_20190320,20190320
fomc_statement_20190501,20190501
fomc_statement_20190619,20190619
fomc_statement_20190731,20190731
fomc_statement_20190918,20190918
fomc_statement_20191011,20191011
fomc_statement_20191030,20191030
fomc_statement_20191211,20191211
fomc_statement_20200129,20200129
fomc_statement_20200303,20200303
fomc_statement_20200315,20200315
fomc_statement_20200319,20200319
fomc_statement_20200323,20200323
fomc_statement_20200331,20200331
fomc_statement_20200429,20200429
fomc_statement_20200610,20200610
fomc_statement_20200729,20200729
fomc_statement_20200827,20200827
fomc_statement_20200916,20200916
fomc_statement_20201105,20201105
fomc_statement_20201216,20201216
fomc_statement_20210127,20210127
fomc_statement_20210317,20210317
fomc_statement_20210428,20210428
fomc_statement_20210616,20210616
fomc_statement_20210728,20210728
fomc_statement_20210922,20210922
fomc_statement_20211103,20211103
fomc_statement_20211215,20211215
fomc_statement_20220126,20220126
fomc_statement_20220218,20220218
fomc_statement_20220316,20220316
fomc_statement_20220504,20220504
fomc_statement_20220615,20220615
fomc_statement_20220727,20220727
fomc_statement_20220921,20220921
fomc_statement_20221102,20221102
fomc_statement_20221214,20221214
fomc_statement_20230201,20230201
fomc_statement_20230322,20230322
fomc_statement_20230503,20230503
fomc_statement_20230614,20230614
fomc_statement_20230726,20230726
fomc_statement_20230920,20230920
fomc_statement_20231101,20231101
fomc_statement_20231213,20231213
fomc_statement_20240131,20240131
fomc_statement_20240320,20240320
fomc_statement_20240501,20240501
fomc_statement_20240612,20240612
fomc_statement_20240731,20240731
fomc_statement_20240918,20240918
fomc_statement_20241107,20241107
fomc_statement_20241218,20241218
