date_str,treasury_2yr_level,treasury_2yr_trend,treasury_2yr_vol,treasury_10yr_level,treasury_10yr_trend,treasury_10yr_vol,vix_level,vix_trend,vix_vol,dxy_level,dxy_trend,dxy_vol,breakeven_5yr_level,breakeven_5yr_trend,breakeven_5yr_vol,hy_spread_level,hy_spread_trend,hy_spread_vol
19940101,0.6265768485917557,0.607337450054486,0.03835025826714748,0.8392542219504642,0.6154799309642874,0.05771799644931659,0.03735017290342521,0.17782113790558046,0.08273049053948894,0.5079707381065535,0.46122808998708975,0.1028339160609875,0.768508840444986,0.6882263312845411,0.06602488420670241,0.0,0.0,0.0
19970325,0.9149291171022813,0.8214988038127686,0.37104091436717745,0.9893839683941539,0.8191684736911982,0.2746608752606995,0.1965036995537353,0.2746625354390683,0.019295626972068693,0.4987084366878727,0.5157700207845639,0.08779789478215226,0.768508840444986,0.6882263312845411,0.06602488420670241,0.0,0.0,0.0
19980929,0.7277085844591191,0.20009519395768882,0.6580404366905176,0.6808876230870755,0.30900119484887384,0.48541591257734806,0.5130325328902885,0.3531071188448862,0.28235467242896567,0.5739628478750785,0.07615513036896415,0.7147736172842952,0.768508840444986,0.6882263312845411,0.06602488420670241,0.0,0.0,0.0
19981015,0.6679808666564069,0.17885191076819018,0.6763134251891526,0.6193234200537654,0.3853719520290305,0.45781624351483186,0.5706759075014973,0.28822788202492844,0.20047426776028202,0.5127598433654361,0.19539168678486302,0.47796939729807625,0.768508840444986,0.6882263312845411,0.06602488420670241,0.0,0.0,0.0
19981117,0.6284739338270047,0.843380888560442,0.49222723548964337,0.6177696663453822,0.8024184626277826,0.29559008566454664,0.44017927863531875,0.0,0.3487753331144503,0.4697439923582136,0.5994698562782507,0.24886175583683268,0.768508840444986,0.6882263312845411,0.06602488420670241,0.0,0.0,0.0
19990518,0.7579350800620905,0.7487004772223406,0.25615596514197886,0.7434233918540354,0.8474023100411561,0.33294551596945726,0.2788220736819736,0.33366370616251895,0.07651720254952149,0.6108612718987998,0.4858414696304254,0.0703594460561887,0.768508840444986,0.6882263312845411,0.06602488420670241,0.0,0.0,0.0
19990630,0.8356230796933604,0.7772586645289778,0.3175312284210188,0.8444780933976639,0.82831791830774,0.3117879242291053,0.27922821320248054,0.17824052959955616,0.11566375232347373,0.6493563874456871,0.5337711012156375,0.12724929119310585,0.768508840444986,0.6882263312845411,0.06602488420670241,0.0,0.0,0.0
19990824,0.8467843530309694,0.7079048561443942,0.21948128769747477,0.8574616366996746,0.7537726246846927,0.23476093214057947,0.25964492011668566,0.34112154366234265,0.1551872243926115,0.6214805866362609,0.2743852377711379,0.41972398314668896,0.768508840444986,0.6882263312845411,0.06602488420670241,0.0,0.0,0.0
19991005,0.8535099279804449,0.5966531808559942,0.09955722096134285,0.8634351938167841,0.6471655529495067,0.09728829481014185,0.2725732086625582,0.3407830212187748,0.09251063578612051,0.599344418613633,0.36020778459744784,0.1983700888366824,0.768508840444986,0.6882263312845411,0.06602488420670241,0.0,0.0,0.0
19991116,0.8818643370005836,0.5582123576787705,0.16025185687520266,0.8965321055706135,0.5677412930920035,0.1502706103383491,0.25774524274095395,0.22985297782207825,0.10517842840306474,0.5780123906760335,0.6173580102976679,0.27303096958998996,0.768508840444986,0.6882263312845411,0.06602488420670241,0.0,0.0,0.0
19991221,0.9016178034152847,0.7400954444681038,0.24191971567101195,0.9071261864749665,0.7595698544054522,0.17912637675164178,0.22315700403763306,0.2761910583057892,0.051848899281250756,0.6290124962878094,0.5600478563820209,0.16717451462995592,0.768508840444986,0.6882263312845411,0.06602488420670241,0.0,0.0,0.0
20000202,0.9675740917091188,0.7691671781254306,0.27151339350904247,1.0,0.7768619728282516,0.21954340969026326,0.25427289762958094,0.2639699279229297,0.08858212397281004,0.640428842832466,0.5952732666558826,0.32768619401215815,0.768508840444986,0.6882263312845411,0.06602488420670241,0.0,0.0,0.0
20000321,0.9938579873428699,0.5038014955471775,0.15831640014949055,0.9653125522812316,0.48596052573350457,0.20635115569574436,0.2522218379923884,0.23933724828270386,0.07461589198456678,0.7074117819101953,0.5593855582379818,0.1789586499326251,0.768508840444986,0.6882263312845411,0.06602488420670241,0.0,0.0,0.0
20000516,0.9936425302073562,0.8991194558913788,0.5225114407272566,0.9145785485088749,0.9432114882506529,0.4839141975627833,0.3404089021115468,0.271885711061691,0.10639868877389766,0.7809449343902721,0.859725558299023,0.69704024570403,0.768508840444986,0.6882263312845411,0.06602488420670241,0.0,0.0,0.0
20000628,1.0,0.3926124478625199,0.36134383066981157,0.9246707295899017,0.44072221976368553,0.3068712618715204,0.24592654985221102,0.19565797949118197,0.0737508791729575,0.7806181259318441,0.18415856089022642,0.5790462188166161,0.768508840444986,0.6882263312845411,0.06602488420670241,0.0,0.0,0.0
20000822,0.9519349347574233,0.5230782719791576,0.16903566239892687,0.8746662405725691,0.4886157454529363,0.2116276263853698,0.17704408554372814,0.2289178095717221,0.033850007691804886,0.8113865003938523,0.6492810860468736,0.3267402213905495,0.768508840444986,0.6882263312845411,0.06602488420670241,0.0,0.0,0.0
20001003,0.9245729722382153,0.49478312060823937,0.1605736079932878,0.8404547868942842,0.6804111165198922,0.0663555509592016,0.1733943936788826,0.3424483635731044,0.07853622465223126,0.8945214068694871,0.6348493958436976,0.46387060520389195,0.768508840444986,0.6882263312845411,0.06602488420670241,0.0,0.0,0.0
20001115,0.8930552962379372,0.5989453511529742,0.11954539042023173,0.8335674082312361,0.646944284639554,0.11575917403519657,0.30186942410602163,0.29947387970228834,0.1201221364555495,0.9469248373071371,0.5230797168904339,0.3120139195516366,0.768508840444986,0.6882263312845411,0.06602488420670241,0.0,0.0,0.0
20001219,0.8601906615971484,0.2935731553039318,0.4963456498011331,0.7931302609997735,0.3627915209983627,0.3916481376148371,0.3136157100631725,0.2361617196940133,0.08278985750496934,0.9363772946355526,0.27753954713456863,0.4668040283031781,0.768508840444986,0.6882263312845411,0.06602488420670241,0.0,0.0,0.0
20010103,0.8171275142199366,0.1942207247266305,0.6195862280621426,0.7445806486570719,0.34462539275125026,0.39910284916489996,0.32557288024264436,0.2961187461504826,0.1113170135294656,0.8958334441757971,0.0,0.7954526729527495,0.768508840444986,0.6882263312845411,0.06602488420670241,0.0,0.0,0.0
20010131,0.7288219619411141,0.39808610042962544,0.43395810800442536,0.7114752334783399,0.7610855423286278,0.2063619284002965,0.30732019009717365,0.11478167653240176,0.16126923709496102,0.8219042744594818,0.5127866270712077,0.24673172007953842,0.768508840444986,0.6882263312845411,0.06602488420670241,0.0,0.0,0.0
20010320,0.6792736954023573,0.36823778448589006,0.402513123733105,0.6849109295904552,0.49663672168871986,0.19872408087284765,0.2972613256573228,0.4081123142240548,0.1747036882971216,0.8668597590849552,0.574986189405061,0.3137780761008576,0.768508840444986,0.6882263312845411,0.06602488420670241,0.0,0.0,0.0
20010418,0.6386508852257183,0.5332865713892055,0.26194996027611195,0.6720911266563387,0.7497897951055451,0.22783408311357017,0.37094596526476437,0.2948474063068612,0.14941608738435622,0.9242172283674481,0.6795636767618809,0.4615408155407194,0.768508840444986,0.6882263312845411,0.06602488420670241,0.0,0.0,0.0
20010515,0.628575959577179,0.5909791199569122,0.22370612737879264,0.7238481122198963,0.7891976811081118,0.26527784959580814,0.32240243030736243,0.12620445815251377,0.1822895050860313,0.9363020330514673,0.5038288157681895,0.1434532338778589,0.768508840444986,0.6882263312845411,0.06602488420670241,0.0,0.0,0.0
20010627,0.6188242977526992,0.39550584315542925,0.3221619695128441,0.7529656188733318,0.5051998052838873,0.18155454435768825,0.21731472287154918,0.2611968649060365,0.03925199259323834,0.9971792199535301,0.5732144655681267,0.24913616524288767,0.768508840444986,0.6882263312845411,0.06602488420670241,0.0,0.0,0.0
20010821,0.5777363563995378,0.4203940528827486,0.2907516353619329,0.7072343975007049,0.5010288976412799,0.1994178430460038,0.23425355949230142,0.23481938417125472,0.058005751166260965,0.9581257599529835,0.16502821634258824,0.5348326758380837,0.768508840444986,0.6882263312845411,0.06602488420670241,0.0,0.0,0.0
20010917,0.5417372032288884,0.36567005273244235,0.5351686347110057,0.6661383337163171,0.48436739390184547,0.2293293345054036,0.25886830361455093,0.42207636502122814,0.18687112167917314,0.9079977754106014,0.3830784350230584,0.32413097803076957,0.768508840444986,0.6882263312845411,0.06602488420670241,0.0,0.0,0.0
20011002,0.48502729149756774,0.0,1.0,0.6388188070446326,0.4867349648183388,0.2177271317027768,0.39570735853795175,0.6402931040157225,0.47880234678773254,0.8872280122495875,0.4034524961315074,0.26390719312469924,0.768508840444986,0.6882263312845411,0.06602488420670241,0.0,0.0,0.0
20011106,0.39318989835704177,0.43685258714631064,0.2975603840223345,0.5951715180353687,0.537626676107448,0.19365660065153323,0.4391811525607094,0.22499659126706129,0.09700446288266218,0.90359307720083,0.6109379911917399,0.26003284169435703,0.768508840444986,0.6882263312845411,0.06602488420670241,0.0,0.0,0.0
20011211,0.4083965786219337,0.9698635970790486,0.7288900328928644,0.6245496645497752,0.9920785945036954,0.6190707034145165,0.3203506365550683,0.11639812120043819,0.18117795919274285,0.9441389739829922,0.5688912152407927,0.2183579220078698,0.768508840444986,0.6882263312845411,0.06602488420670241,0.0,0.0,0.0
20020130,0.4475293128729779,0.500857998171274,0.32706743655934206,0.6966070939130111,0.560893038898969,0.1513371080890084,0.23787261171106777,0.2641481223758633,0.031903779985344334,0.9750938438070542,0.6240740797260467,0.3082081704728081,0.768508840444986,0.6882263312845411,0.06602488420670241,0.0,0.0,0.0
20020319,0.468293662294767,0.9260242744592107,0.5907573278817144,0.6909800019221695,0.8258729034827633,0.3446726821448886,0.2218513223731236,0.16781591901790877,0.10589355837071146,1.0,0.3847692791327252,0.1646301744752845,0.768508840444986,0.6882263312845411,0.06602488420670241,0.0,0.0,0.0
20020507,0.5033133370154266,0.3588561694452447,0.3765403834778326,0.7261665809073192,0.5118489179979644,0.1574947860109968,0.1884231014431157,0.3228027777647175,0.06913402409399091,0.9600631533867054,0.21994249909201066,0.4008129378654378,0.768508840444986,0.6882263312845411,0.06602488420670241,0.0,0.0,0.0
20020626,0.4577878223752001,0.3643548730538473,0.37390449931813513,0.6915936327936361,0.4540204451918397,0.25039859006842824,0.24442768000309095,0.43137303762770995,0.17913140063302496,0.8439481425714606,0.20229698425439574,0.4582088934877873,0.768508840444986,0.6882263312845411,0.06602488420670241,0.0,0.0,0.0
20020813,0.3451860798128852,0.20633290329045434,0.660532770351377,0.597421761569503,0.4178873301765722,0.33058413913163387,0.49542576744006345,0.4199032390015468,0.2915425793712813,0.7390902959578862,0.5644504604040324,0.3494654229015499,0.768508840444986,0.6882263312845411,0.06602488420670241,0.0,0.0,0.0
20020924,0.2983136065321479,0.5041647356488846,0.21858285957543705,0.4983402501114343,0.44399699075098475,0.30900210283192864,0.4678598226532466,0.443661872499283,0.244330846714018,0.7566118992527842,0.5011155298232549,0.13987111501352378,0.768508840444986,0.6882263312845411,0.06602488420670241,0.0,0.0,0.0
20021106,0.26496415427605857,0.6199757004897479,0.38244822900759584,0.4712002841330442,0.8380205336991637,0.41399719047865285,0.4825969708092654,0.1219564716557979,0.209315038129473,0.7598048299541622,0.43122323720345374,0.13274151474664714,0.768508840444986,0.6882263312845411,0.06602488420670241,0.0,0.0,0.0
20021210,0.26839303193812214,0.7389931986422336,0.2780944413781838,0.49869343887599743,0.7344780280568218,0.20009005981005568,0.36075360778934756,0.19746907456426988,0.1383041045883712,0.7270493041136015,0.47347602755404444,0.1570724820835207,0.768508840444986,0.6882263312845411,0.06602488420670241,0.0,0.0,0.0
20030129,0.23961223965270625,0.5743452284028709,0.14069928893002903,0.4885990825002285,0.6658516617250079,0.1462717824086044,0.3321555937638854,0.29969203861036536,0.14898238818647824,0.6371004886682528,0.21278845831031573,0.3718291169229559,0.6222039515124833,0.7665754179364015,0.061498386173710874,0.0,0.0,0.0
20030318,0.2141048646596395,0.4923155930207799,0.2046658862139546,0.4487652829287219,0.4743439394609905,0.23781607115155906,0.4263909742480149,0.23551335518056882,0.05695016426110041,0.5895562338767295,0.40360662542309256,0.18637812876325094,0.7025878839556499,0.7343456777370315,0.08758341225873695,0.0,0.0,0.0
20030506,0.22078544203476533,0.5887621027844233,0.14382027477545484,0.4762463746735574,0.633159268929504,0.047158591447334405,0.2784221355021927,0.09184301962019661,0.1986342326281251,0.585032784346676,0.2683467268126979,0.3485355920097093,0.6711272246983455,0.5939001084654719,0.11826413125114427,0.0,0.0,0.0
20030625,0.16669351417775138,0.47350226085649516,0.20950452802823488,0.3566391775329231,0.5478160817807675,0.15312753158556974,0.19796259876745936,0.2731039216884747,0.019154877507410815,0.4588738631144289,0.43034576846423134,0.1391121174283938,0.6058282090623015,0.7024086221441731,0.039820208651377496,0.0,0.0,0.0
20030812,0.21098003310759034,0.8508085223643174,0.4229938199035242,0.500045087927391,1.0000000000000002,0.5929361221710878,0.184046384483125,0.2861572530784385,0.03593180473734752,0.5097945067961276,0.5353597011417776,0.1697669436878943,0.6832907434248652,0.8125785513833652,0.1651984379257107,0.0,0.0,0.0
20030916,0.25655945109208955,0.5651890727356991,0.27931214560970596,0.5723957865727363,0.6139753064566094,0.16750262853991071,0.17409387013890232,0.24736493189586672,0.04002512633542444,0.5425500110964525,0.5125653523456647,0.2876805982125052,0.7640457186201666,0.7377373758242516,0.11007607111503218,0.0,0.0,0.0
20031028,0.2344700168506542,0.7104350113355964,0.27224352104623567,0.5333903787900061,0.7278842324202329,0.2297860971784133,0.1727488746788246,0.22054267028384167,0.08596493368519109,0.4484550664325644,0.2558973529438695,0.38903115656502646,0.7646859596520845,0.7642425494550902,0.10186062134114085,0.0,0.0,0.0
20031209,0.27056916463096914,0.6727331938825357,0.23156180467727128,0.5480613575500328,0.6049807496570342,0.15718022303807505,0.13644881479048743,0.27079914805185035,0.03177250469772638,0.4171600762843146,0.24338846380403303,0.40117007363655355,0.793102423978008,0.677883373792676,0.032772422382812,0.0,0.0,0.0
20040128,0.24754009354183257,0.483422473289327,0.21025445563423334,0.5197269570039151,0.5456255255122362,0.18517417308719858,0.1211010953770067,0.22833997056735422,0.045274979127842695,0.31626263897571705,0.37923588496155924,0.21756865867942493,0.7892434732678151,0.6922507446240725,0.0416697299814183,0.0,0.0,0.0
20040316,0.23226107342651062,0.47442914939188596,0.20395555874556665,0.486338555754584,0.47603664203212825,0.23858955133840082,0.11969474334949676,0.2869311529980394,0.08476423510436146,0.3237299063794574,0.6521393450878537,0.3593401260870867,0.8477271310756924,0.709872079610213,0.09192394906680623,0.0,0.0,0.0
20040504,0.27503907992459786,1.0,0.6636141560591924,0.5312765855624502,0.9671859096340223,0.525962217970595,0.12019436663253674,0.22539200428795095,0.06399111363089383,0.3756394192088972,0.6399616050200367,0.29177622585508295,0.8788220519804639,0.7120413890467091,0.05520597728389937,0.0,0.0,0.0
20040630,0.3918238782440634,0.7463331538008693,0.2730330487898446,0.6310472699457719,0.6246846926583176,0.0656725614905976,0.11315584490852537,0.212373465482465,0.0542331883966005,0.37249008594489474,0.4168449581409261,0.14570164232011806,0.9301643966046538,0.627679355405196,0.05807612301118797,0.0,0.0,0.0
20040810,0.38063682504614993,0.5969036912709647,0.21989956415098544,0.5826926431136299,0.5721777227065541,0.14283959873830082,0.1122136854509978,0.31018482385078683,0.05665251151913384,0.3547478675543454,0.5477510857721878,0.22242496533731682,0.8916258117389015,0.6711171943597956,0.011296063244115195,0.0,0.0,0.0
20040921,0.3578471160539003,0.5948119293059609,0.08171735896782241,0.5282078379429147,0.5717351860866488,0.07613932123343158,0.10328039333114386,0.18956410533690035,0.07245428010942878,0.36046320295509604,0.49564622902086697,0.09790194504480844,0.8664755314676877,0.629177211920872,0.06309275140443973,0.0,0.0,0.0
20041110,0.37718872967004125,0.6262134098225134,0.17285460066973735,0.5085006563457501,0.6162654334646193,0.10526440526052709,0.09118482313621695,0.28666550691385073,0.04130270888532626,0.30822093656213134,0.22564528288066124,0.40527747129042035,0.8959242319560903,0.7786615705111651,0.11860289782367708,0.0,0.0,0.0
20041214,0.42134228701734056,0.740408582486817,0.27680248688864195,0.5284271472037774,0.6703212815860514,0.11219125428753642,0.06323049282305893,0.24314280475247896,0.012362506005708082,0.234517443896894,0.2731705158295361,0.32337063530149224,0.9551706624266834,0.7199352650517363,0.054449158345262254,0.0,0.0,0.0
20050202,0.4669871702228552,0.7003018650500396,0.1632441422733944,0.5321702361935032,0.5768464840465549,0.05742928796731993,0.05798680524699107,0.2875517774779138,0.02758859906162025,0.22556387867875727,0.6233370059850998,0.28032904916131945,0.946266962475351,0.6339032074789526,0.053004715342377696,0.0,0.0,0.0
20050322,0.5224933968403266,0.8141588486541329,0.3452636997913568,0.5499607853684139,0.8434194804620083,0.3062335177620353,0.04270590962656723,0.29890074239852554,0.016257415162322986,0.2332034895095929,0.3136286918543433,0.25456785730979914,1.0,0.7725065854036466,0.10885795301379719,0.0,0.0,0.0
20050503,0.5474920492567198,0.45943610105590144,0.24804041194043147,0.5649630021915106,0.44856618135150694,0.25646362273126844,0.08349527654888628,0.30465844495954186,0.06591348549588694,0.261491010387197,0.4562364373853568,0.05304273287555837,0.9956103441096633,0.6355387979271043,0.05826640891575958,0.0,0.0,0.0
20050630,0.5374171236081805,0.6186855718526498,0.11497899955202344,0.49063456511705267,0.602911890958977,0.10572332247444717,0.040207793211367165,0.2419824250431381,0.008957595832834349,0.34067737622781236,0.6166056762308216,0.23864269574957991,0.8961069685223666,0.6290480863591758,0.05755571989338224,0.0,0.0,0.0
20050809,0.5767468784885815,0.7925648508836756,0.3057402874474989,0.5243209817461132,0.7830353586759305,0.20172966544288745,0.026091725750053113,0.2715565920193334,0.019067156170357695,0.3713841025347968,0.38802888474486263,0.1676446425094471,0.8732431496994395,0.6951173320937281,0.04199696407488616,0.0,0.0,0.0
20050920,0.5884381232574182,0.4793642045668049,0.23668507248062687,0.5256166663964028,0.5670000442536621,0.1382525811400107,0.05516988968954656,0.25277282793186295,0.013746621927648778,0.33465356310934746,0.4602804237487296,0.12105053067618042,0.9143981296687005,0.7695366974846342,0.10240264785719333,0.0,0.0,0.0
20051101,0.6257204885049166,0.7666495484549771,0.27348102534656304,0.5659175610753548,0.7747488604682039,0.19127798748642644,0.08235612309951124,0.31443751204810777,0.0578239696542791,0.37540493220135374,0.5152511697039802,0.09527622366922368,0.9558273470973664,0.6725547922800131,0.022577710889399208,0.0,0.0,0.0
20051213,0.659610692861088,0.5743577539236194,0.08577637307289644,0.5916378506031301,0.5788489622516264,0.09276160435734353,0.03793617062380464,0.23265989308332824,0.03117747185198145,0.41739034140563014,0.4911764795648976,0.12715176824242458,0.9026003492947139,0.5755901038169516,0.13623894143374665,0.0,0.0,0.0
20060131,0.6546940828970939,0.6265766499242207,0.10587839292741542,0.5674076379740016,0.656126919502589,0.07090163228019374,0.03286416938740025,0.3072298050204759,0.03573550524184404,0.37737308509187995,0.3093527485372978,0.2506043900796964,0.8826597850922502,0.7714477557977378,0.09574984899660224,0.0,0.0,0.0
20060328,0.7050265259138374,0.5978932074100981,0.06133813815003007,0.616515312295201,0.6981789618090898,0.09731414930106692,0.034638641500685796,0.25460978235827897,0.0004944293542993861,0.38949200950949714,0.4119586017878998,0.09955277319961704,0.9530836464034182,0.6704801749220943,0.0662598584676507,0.0,0.0,0.0
20060510,0.7341198013544583,0.6553978731665769,0.0938820262400412,0.686206614240745,0.7619927423994337,0.16615173138907563,0.0345920058729208,0.27321253097245274,0.0,0.33939982483911013,0.1824143056399113,0.47546810175611937,0.9582965451119294,0.7301017509426166,0.059200539720020255,0.0,0.0,0.0
20060629,0.7611119400594812,0.7559778047772336,0.2600615287138123,0.7018224619353084,0.698776386245962,0.11657359049933642,0.1381608678013253,0.26389282003300596,0.10947404753678555,0.28736158756018626,0.6021861942883653,0.20543007789393475,0.9527179080508852,0.6617857204345506,0.020445643822267205,0.0,0.0,0.0
20060808,0.7666611721711877,0.4585718401242532,0.2131650657486035,0.7001176241193516,0.520622206487587,0.13321957357326303,0.09803767169599908,0.2757580316800587,0.0732409776014778,0.293883087828136,0.4292943320097544,0.13396694106486318,0.9417431052750929,0.6673811614413857,0.0074384489968905634,0.0,0.0,0.0
20060920,0.7281396549717242,0.5370567531345116,0.10290095758082758,0.6491789448871279,0.5631831659069789,0.0858606098212593,0.050560013909549256,0.23536054991090277,0.03394604449359808,0.2850292969824908,0.5143386022151889,0.05025424905814689,0.9071730069713071,0.5634953428714082,0.14446592368670294,0.0,0.0,0.0
20061025,0.7151014515623767,0.6460788857296743,0.20191862666722765,0.6279031780265172,0.6720139841571892,0.13374097247358535,0.03008583351042249,0.2510520055103931,0.0009290827858360953,0.30271380908117806,0.5428586252888017,0.11277789417011165,0.843154473399099,0.6391457052838181,0.047763203607359465,0.0,0.0,0.0
20061212,0.7035180134820858,0.514097473602465,0.18795957815953412,0.5987856713730817,0.5540779749524274,0.10363126325042661,0.018743909742480136,0.2754223302568539,0.012345193480757431,0.26452299244624844,0.28405875835884353,0.3096030849535875,0.8377585729043313,0.7278980080230016,0.052808663198273605,0.0,0.0,0.0
20070131,0.7250606022019126,0.7411976902939741,0.21007378000638555,0.6298832895044402,0.7536619905297165,0.14161581950118068,0.01936933717133857,0.2586635886200038,0.007983186948210125,0.2678370008133808,0.5670737104261598,0.12059183652194151,0.8545660934820865,0.730566602964723,0.05085102487699892,0.0,0.0,0.0
20070321,0.7044339016099913,0.4056264639202375,0.33018347238756657,0.6093552307730641,0.5198588308182504,0.16134710515883277,0.06887958580453218,0.38841595004913276,0.18214711979224424,0.2568561547572892,0.39475105830360113,0.07687935973828876,0.8881503691199073,0.7149682351118228,0.026929780176533434,0.0,0.0,0.0
20070509,0.6965841685096663,0.613274546889287,0.11021955801296408,0.6207500178967431,0.6191197946630085,0.030842253132702488,0.06081896335220133,0.24728829417600345,0.022882932092847745,0.2167912945222943,0.37407179067716173,0.11320026943237273,0.9109104869306224,0.6494154916240553,0.0353052430974509,0.0,0.0,0.0
20070618,0.731048873146682,0.7895963024662751,0.2973648583428828,0.6627488289992893,0.8746515024118248,0.35256476549976734,0.07264341324884566,0.2967487740315672,0.03770865596938928,0.2201040535557468,0.5121350111552982,0.03281546404614652,0.8835777114433139,0.6875677909198906,0.009102009102009104,0.0,0.0,0.0
20070807,0.7173642983307932,0.38063805002692985,0.3829432307277268,0.6800695145098092,0.46590255343629694,0.25642484099488083,0.15378245078530994,0.40660212798969386,0.19006119295974583,0.19043793604303327,0.374380049260332,0.13231981205645976,0.8586104329583566,0.6008901055386259,0.10052573688937327,0.0,0.0,0.0
20070810,0.7115457057393001,0.3647807407592971,0.40087961805667277,0.6738639918715168,0.460392972518476,0.2624338555940501,0.16679268975909434,0.44024138530906626,0.21481496830001706,0.18644185610747632,0.4118761960280424,0.06729554397461175,0.8516598129403481,0.5856705060000345,0.11727954585097444,0.0,0.0,0.0
20070817,0.6975216179752811,0.2914813933389281,0.5299661666324291,0.6634648964777232,0.4416072930034961,0.28874295465122296,0.20758713753066865,0.51316946339491,0.30721995678821035,0.18625294823900695,0.4826734259736851,0.06307784450066402,0.8394779940352026,0.5709760170790077,0.1388856453791519,0.0,0.0,0.0
20070918,0.6222184897845351,0.3567017798764984,0.45497588104118664,0.6027407527231725,0.4683033145992832,0.2321367013116845,0.2950363193787068,0.24632021402141155,0.14478089738723324,0.1844438269098161,0.3805513250540979,0.14173582108775756,0.7915736960128155,0.6654787114990618,0.03823016810029798,0.0,0.0,0.0
20071031,0.5909701742640436,0.4807169608076456,0.3173604528275736,0.5959215992134135,0.5354471832544144,0.17733164417325958,0.173933755771497,0.3035018266106851,0.0749406040667121,0.12849638146654851,0.3830921693163679,0.10958115910398604,0.8298019735018718,0.7287071948762978,0.045817097765149715,0.0,0.0,0.0
20071211,0.48517822086153173,0.1575961020579431,0.7570135556221059,0.513595592140937,0.42525556489799543,0.33490614819794207,0.27861534300562174,0.24962550954680307,0.15852329342296492,0.08038962495584512,0.44318580667608737,0.08924089816619861,0.8590284196469657,0.6216276707470345,0.08415682441656469,0.0,0.0,0.0
20080122,0.4243824356343291,0.18658015707003017,0.6973534733033199,0.4829593342490665,0.41249944682922524,0.3477903028422704,0.24747477928249906,0.3364762634644951,0.12479972169093748,0.09584220243569663,0.3857383098273447,0.1454164717608845,0.8411085664727467,0.6463164781433467,0.0806898728976651,0.0,0.0,0.0
20080130,0.39070362613265386,0.021105502461264858,0.9067466259445253,0.4597416224455613,0.3504336858875073,0.41544288742954655,0.2710437378049958,0.4477067455298581,0.20118680766514085,0.09134268410768076,0.37020787615940326,0.13935357080283922,0.8302051078715964,0.5765800664566225,0.13408525096836788,0.0,0.0,0.0
20080311,0.26889706726746765,0.3357215326227188,0.5130470078383523,0.4278306418345566,0.6102690622649025,0.20031197752382923,0.306441087263103,0.24335814264019295,0.09647275025612653,0.06550458961036454,0.2999722262068629,0.3274198554709871,0.8322714367364152,0.8028252672899128,0.1707859240326773,0.0,0.0,0.0
20080318,0.2521415642438025,0.3418339867479991,0.511851578684236,0.42094346092557605,0.5298822852591053,0.26473059620456074,0.31518119119834637,0.2960148385671097,0.12887750291228703,0.05384315826212238,0.1741081102528026,0.4799891312352896,0.8415082529827302,0.8057090715011278,0.1845903014734184,0.0,0.0,0.0
20080430,0.271967995475244,0.9342284905494946,0.6088323156922971,0.41051015407810415,0.8047196530512901,0.26609011151903755,0.24895094951992736,0.1344592339049034,0.14308304307022224,0.0,0.4674680372474035,0.064493608715727,0.8410510137370688,0.7228104608921716,0.03950018235732523,0.0,0.0,0.0
20080625,0.3871019452857619,0.878327091448827,0.5421605340078558,0.49199847492063137,0.798402442802142,0.25834884602788843,0.19763616869192274,0.3749709669987634,0.1265103218432468,0.020522632035022026,0.5193378849798717,0.0985506408098575,0.9068987695119024,0.7485925313775116,0.08738591855474975,0.0,0.0,0.0
20080805,0.3746565224218382,0.5663664716860604,0.2703303393979294,0.48913440276096326,0.651579855733062,0.13037127048968405,0.2697553271641906,0.24101199403824364,0.10199421884353832,0.01140144070144311,0.4985899458868844,0.07303930948370342,0.9095509693127222,0.5156586264483585,0.23688432779341878,0.0,0.0,0.0
20080916,0.33360264173259413,0.40674123526685624,0.34845646088620164,0.4467877422536766,0.46808204628933053,0.23103573090645851,0.22807331491605976,0.36266755685531454,0.14468145260808757,0.11140756459049728,0.7335531837617923,0.45002739049769996,0.7404504230921732,0.4710500490677135,0.2993399097295202,0.0,0.0,0.0
20081008,0.2845751283719862,0.26698147475481293,0.6632255797088896,0.42401201079104395,0.6122826038854716,0.22563645138493893,0.4261578154280084,0.7793496607723014,0.6338098344547738,0.13901620185458397,0.5493915708063861,0.3919148093308614,0.6021700298770307,0.34429178933595034,0.4886700600986316,0.0,0.0,0.0
20081029,0.24136620760287145,0.3814396833548355,0.5190885038325509,0.4412642733942073,0.697902376421649,0.29914938724856516,0.8197876282286576,1.0,1.0,0.1920329258875657,1.0,0.9999999999999999,0.37956824839442455,0.0,1.0000000000000002,0.0,0.0,0.0
20081216,0.13519708703202718,0.31328832496211034,0.4564089110209658,0.3219859412678329,0.0,1.0,1.0,0.21512254982627216,0.44614901626348136,0.30131074273813496,0.38570778917554566,0.3612633459317293,0.0,1.0,0.9919402386934856,0.0,0.0,0.0
20090128,0.09257157231367998,0.5894885829878378,0.12350540418127952,0.16054703521169378,0.8363942116210118,0.3409151627971112,0.6728250874176536,0.3208412282722661,0.23592677456277522,0.22885714379875877,0.8252601122549572,0.5873851036719409,0.22658405948353716,0.8005698741456193,0.18255770203822155,0.0,0.0,0.0
20090318,0.12154516670585727,0.6110951062790436,0.10961318090580367,0.2681954506281263,0.6551201486923044,0.1629565472189186,0.6945228445028302,0.26966697854614013,0.19652053691456314,0.3278423897495877,0.6157114211331097,0.32018533396061893,0.39996286920278856,0.6158600623246046,0.14938308444801954,0.0,0.0,0.0
20090429,0.11157804774586372,0.6337412477923771,0.09558730716589241,0.25537544993994216,0.7859782271983008,0.2317596566523606,0.5761051523288836,0.1350173257667298,0.17453969642691977,0.2775124870362782,0.5747038733759198,0.21525568331809397,0.45163488226222037,0.6761616996367268,0.09891118982028074,0.0,0.0,0.0
20090624,0.1380852125940086,0.8139083382391623,0.43595048992795254,0.40607769440905744,0.909257866088419,0.5057181515762622,0.39352900720591927,0.23588149833794883,0.07466251311474884,0.1824903429199085,0.3694784325814062,0.27417131554088753,0.6295152707034032,0.8863264638534512,0.3499011810700123,0.0,0.0,0.0
20090812,0.13609172630537886,0.7475230782719793,0.25620051529679067,0.40955539744019226,0.7799265389210959,0.2509005981005568,0.30728047060641767,0.19854576400283983,0.11319167371152383,0.15326246150571365,0.34889530500813376,0.20450495500660976,0.6042734895390609,0.7686069934404216,0.14260631143748032,0.0,0.0,0.0
20090923,0.12574744017705294,0.5301426656813257,0.14930736884310675,0.37948333190291234,0.5834513430986416,0.11805806918661772,0.2917654502250642,0.22926667575662116,0.07118092345144406,0.12237822211502847,0.30827842159397156,0.24265895988746528,0.5943049313676997,0.764621317769399,0.15369479005842646,0.0,0.0,0.0
20091104,0.11750444702590254,0.6105439833661085,0.08683320174537607,0.3650949437053496,0.717528875514449,0.15711774135167278,0.28383208082993644,0.2770740376794286,0.15004295073857343,0.08802229983073451,0.41020824240722487,0.11283674422655728,0.6482634058754182,0.7896028097722225,0.13804233284752768,0.0,0.0,0.0
20091216,0.09184004924734528,0.5638363164948583,0.13662789978195172,0.3710714671334718,0.6287117758994558,0.1783636692693521,0.24498726889863415,0.2178020490011237,0.07478744956449115,0.07192950346072968,0.5118053881158686,0.13112061604911657,0.7262290625401975,0.7100614637673675,0.041322314049586785,0.0,0.0,0.0
20100127,0.11768599973907659,0.5733557122637374,0.1992084922495106,0.43505894850998245,0.6303270345621101,0.15601677094644678,0.19694532774375517,0.290001833663236,0.13364090101741072,0.12051774886355338,0.47540035464997393,0.07384336939776888,0.8022095476540629,0.705499027254102,0.09621691439873262,0.0,0.0,0.0
20100316,0.10484341078488738,0.6346681363277679,0.10655902029259552,0.42455761426328903,0.6395317962561403,0.0630849578571798,0.21037994320267372,0.12892862348311382,0.16212225382628953,0.17596884265195878,0.5016633755230476,0.05541287686315076,0.764502957865828,0.6444828951672608,0.062165828399594635,0.0,0.0,0.0
20100428,0.13374997754027323,0.6122474541879079,0.08488041995945937,0.4533842246834254,0.656547329291499,0.13669053897995415,0.13524305005505866,0.2739027406212827,0.057628215435152015,0.19347588474741717,0.4927177724807491,0.10618063469954019,0.7643324214186351,0.7220787493758932,0.06392741457676523,0.0,0.0,0.0
20100509,0.12973972496795094,0.5130077532973434,0.18113845445612925,0.44705609452328016,0.4880072576005665,0.23687884585552516,0.17975627378629522,0.46802514469483614,0.3471917823578418,0.2064520028509793,0.6151696795636767,0.3036720081219804,0.7683990393732321,0.693963810409242,0.07992584615961243,0.0,0.0,0.0
20100623,0.09067401835369814,0.5523504139684607,0.08019027866121835,0.34729707762994116,0.5481369208301988,0.17086802144199115,0.4150061820219076,0.13505211835120765,0.3175363131914828,0.3111821374061554,0.5051976670013765,0.2243394417450017,0.7051485828633415,0.6476249505018681,0.09189223474937763,0.0,0.0,0.0
20100810,0.0626581848322239,0.5505717900221703,0.06652575617700272,0.287016100740668,0.6015510908527681,0.07821629867107917,0.2979741127832622,0.10107010705772279,0.20727713583223042,0.23030966652333063,0.2013966250263241,0.4284569952371809,0.6386608512765701,0.6808274365993493,0.057900252705447526,0.0,0.0,0.0
20100921,0.049081416704880754,0.5854929418690582,0.03660290219508512,0.2203935464146594,0.666780988626809,0.14058163986417777,0.27369236713482603,0.18911462275905194,0.10682768496302922,0.22238434600408263,0.42385860392434543,0.15097057194520286,0.5929332136307157,0.6602620388065356,0.06940678369249798,0.0,0.0,0.0
20101103,0.029362635920407422,0.5561832233175095,0.052381082024260034,0.19939068016720501,0.6891290879320265,0.1230415223124257,0.21270662442285027,0.21812317515245264,0.07332201930292004,0.12403040128576248,0.34517025945606095,0.22292569524615974,0.6419530268893276,0.7776371743883753,0.13978806186598397,0.0,0.0,0.0
20101214,0.04591611858423257,0.6973458421533876,0.1762899126074463,0.26619101539990025,0.8968889675620659,0.40648861540582937,0.18254751463400498,0.24510200339462784,0.08515996943453272,0.14632504082359366,0.684201289802745,0.39496088825248626,0.675742582791732,0.725306888418298,0.04493630467656442,0.0,0.0,0.0
20110126,0.0685711473365889,0.5709257612385236,0.06794888612237929,0.36591562308549336,0.6255365756516353,0.06770429356912629,0.13586235341846492,0.27311379525974544,0.019004244908430716,0.1655194588351767,0.3509508709067991,0.22232004409382516,0.752277377663969,0.7516485030043215,0.08096521083534072,0.0,0.0,0.0
20110315,0.08496307620917311,0.5429186968448214,0.15992515573991622,0.39489450413760835,0.537626676107448,0.16717729286243688,0.16204957208817106,0.3594388990497863,0.11609826943591636,0.11443806037327464,0.3808824741261174,0.1446813504843696,0.80876737688157,0.7956200609472652,0.16970042944068922,0.0,0.0,0.0
20110427,0.08410109142554036,0.6110951062790436,0.16053895787287864,0.3748461967739984,0.6800792140549632,0.14496397607597772,0.15871209164847477,0.12002313236697712,0.192339289500792,0.07085251320809571,0.3581033856559041,0.1567738600828138,0.8516598129403481,0.7295508152127129,0.0735137877995021,0.0,0.0,0.0
20110622,0.04256223687941822,0.49509625862695245,0.14763426302906402,0.3012680386316526,0.5330464220914282,0.12395504765844496,0.15559444004404693,0.3364193728871733,0.08702052059035165,0.06191702024784318,0.40917054024605753,0.14775063314253584,0.7963293554756654,0.6122187214847719,0.08281184904561528,0.0,0.0,0.0
20110809,0.030332427392585876,0.5279256485088368,0.11451122292649966,0.274741703524729,0.4075319732707883,0.3867185480117897,0.2197861986360914,0.5332123429044284,0.4163874908419128,0.05621256266620023,0.42333975284376174,0.11409479029034601,0.7843488385354023,0.6507583974656957,0.1012666986692961,0.0,0.0,0.0
20110921,0.0,0.5891879704898731,0.004160489457700867,0.11442465629354298,0.5187082356064965,0.19516262474791873,0.4953924617970365,0.18043857463244456,0.22527425527345302,0.06482122562778869,0.6593269585865276,0.35878525412631374,0.706337564034049,0.6306234182118693,0.08799425682542567,0.0,0.0,0.0
20111102,0.01082910374362632,0.616280671868933,0.038290858060731764,0.10692364675902838,0.8115347169978318,0.3207163417618974,0.4782051465332379,0.0448758515955221,0.3206223730032575,0.11400699717329621,0.31520660955235363,0.3036437600948865,0.6947227854463188,0.8069831103765301,0.1703332742293782,0.0,0.0,0.0
20111213,0.00819487074524889,0.5987574683417464,0.011677090577889751,0.0956281321772367,0.6289551710404037,0.04901796025302929,0.40097674014257284,0.1835492197527846,0.1558795890715436,0.12957565498418333,0.5918885263713691,0.19560447246977547,0.7194091959723694,0.6102732296885492,0.13711685140256574,0.0,0.0,0.0
20120101,0.009422617062049006,0.6005486178087854,0.014112499040934166,0.08644680633113605,0.6017059786697351,0.09184592447041386,0.32349637772153855,0.05605179393386586,0.23837240727046982,0.15764956134278973,0.582741487027197,0.18206862320124806,0.6970548647311796,0.6684141659349552,0.06446655797305148,0.0,0.0,0.0
20120125,0.00895342360450882,0.5829878377193533,0.01641673204814386,0.0830567083519057,0.6737509403903175,0.0824133443645828,0.22731165117941382,0.1708489860782645,0.09849408978343596,0.17905133656409578,0.4932869826368012,0.08898195791783796,0.7021136706312634,0.731986984143381,0.055876302629549394,0.0,0.0,0.0
20120313,0.013415214336102196,0.6353445144481882,0.042485997638841796,0.08585255535828484,0.6720139841571892,0.05880819414999053,0.15989119641442728,0.24918543037016488,0.050232086665681984,0.15094503369075962,0.49686858112541854,0.0676859720633738,0.774105777684656,0.7260730334176955,0.05208211701718197,0.0,0.0,0.0
20120425,0.020214379068628337,0.5353908588749577,0.07840827246874683,0.12260752185281326,0.47422224189051654,0.22987874243756146,0.13089965805691323,0.348521080074663,0.0925288343851828,0.159895367873518,0.4508464902776464,0.04381874317129168,0.7839586999447017,0.6098514195203416,0.10491816985323482,0.0,0.0,0.0
20120620,0.013415214336102196,0.5934466475443717,0.01428822465158066,0.02925395696001376,0.5318405098021862,0.15559448092800388,0.23632710623418268,0.2665422283239848,0.10964117474615168,0.20976476188443205,0.5574505489139226,0.1951044151330062,0.736974980473179,0.6428300879775495,0.08547296858985173,0.0,0.0,0.0
20120801,0.010613646608112537,0.5435950749652417,0.06039763488178122,0.003955081350090761,0.551411691817498,0.09880293707016909,0.1529297567760755,0.24815481759752503,0.05986350778065085,0.23124554669086272,0.5341846560475145,0.12772379079107593,0.721336284347645,0.6919838851299004,0.045290928407811536,0.0,0.0,0.0
20120913,0.010398033231021148,0.5876473314378046,0.01782253693331584,0.027753794603924298,0.6390450059742445,0.11004317699984488,0.10992873287869709,0.2892218215328484,0.051894566177774125,0.2077072816358052,0.3228169340784442,0.2099406825059632,0.7702645967131287,0.7425322383485702,0.07796532471857151,0.0,0.0,0.0
20121024,0.010290382784053052,0.613562633866503,0.02189392608139313,0.04043734498553031,0.6282581758640529,0.09360833893513971,0.10293709792709077,0.30190277823488754,0.04260885028544196,0.16033287160401755,0.4870256709202282,0.017751194740217358,0.8369355953061368,0.6748446189074256,0.06712335283763857,0.0,0.0,0.0
20121212,0.010203824950061294,0.5752470658967647,0.012667094018151706,0.02154115281920177,0.5947139000752313,0.05815105917231157,0.12829494040144507,0.22275858177902946,0.05008234014081354,0.18111622665385751,0.42884262636312864,0.06454640562350962,0.8001116576116145,0.6663395485770364,0.026270987309948354,0.0,0.0,0.0
20130101,0.009589951791661236,0.5932462392123953,0.0,0.03164065080072598,0.7036774793114131,0.0989839185066446,0.13005289492494637,0.3391252015854134,0.08032568540047721,0.16913513820549175,0.4022026754403367,0.06066095675395196,0.8060791071634592,0.7169223352788252,0.03550273680143811,0.0,0.0,0.0
20130130,0.010342254987817073,0.5974422886631512,0.0022324577577907054,0.06438002320050717,0.7069190600522195,0.09910241825671785,0.09617265228058652,0.14042569197278654,0.15141752432392713,0.16647821473318958,0.47876220444563816,0.026576685490838053,0.8282406234791291,0.7273556806638777,0.04343852395800448,0.0,0.0,0.0
20130320,0.010074769406961656,0.5873968210228341,0.003210086155049384,0.08646618622975144,0.6263995220604506,0.07155230363514144,0.06865309197689468,0.25077648585493373,0.08115239254664447,0.20422370853200333,0.64081160517264,0.2542991647663703,0.8478186319688208,0.693929376926123,0.03559932131360704,0.0,0.0,0.0
20130501,0.006087953071279753,0.5796936257624912,0.0023413581362195166,0.05093867923222378,0.5310328804708591,0.12228312391195685,0.0724768850337113,0.2869447879297942,0.05700687300424586,0.22638044747987518,0.4387954109147955,0.027031344212635006,0.8188274359460594,0.6156104195719919,0.09133435107461083,0.0,0.0,0.0
20130619,0.012822590032256075,0.6332527524831846,0.04971054774415341,0.10262763739655978,0.7861994955082534,0.2160552079562887,0.09276829009137799,0.3583368204279488,0.09111316059295807,0.22779167757230856,0.29870104105943285,0.33353286304852037,0.764868961438341,0.606786839522752,0.08562433237757916,0.0,0.0,0.0
20130731,0.023759500464428096,0.5693224945827123,0.045401557770413256,0.2014364459955395,0.6747466477851043,0.11520761156212837,0.09889703069760253,0.1520595799500679,0.12266687314465452,0.22930694700393306,0.43026336270437393,0.18984322008676857,0.7370664813663073,0.7379870185768642,0.08884766027623173,0.0,0.0,0.0
20130918,0.03114050883194578,0.6637899720680888,0.10607391860686717,0.2514885937431404,0.7484289949993363,0.18704646913835604,0.09160916098371419,0.2985880793082858,0.05713330896402328,0.2033992129240898,0.49586750374641003,0.05512737001788033,0.7330425638285034,0.6308300191105832,0.06768267807228848,0.0,0.0,0.0
20131030,0.021927724208616883,0.5845034257299248,0.01812943799979705,0.21773395196079087,0.5666681417887331,0.09034205491493873,0.09933736452678554,0.24914217472459788,0.11618210567878764,0.17048549559139214,0.4081129996612208,0.06443341351513406,0.7290183810707196,0.6699722810460893,0.009394645758282125,0.0,0.0,0.0
20131218,0.016676601026975893,0.6041810188258577,0.015119827541400697,0.24578002707648688,0.7149510997035006,0.10099195063515866,0.07103796147827596,0.3203757599123603,0.04913921648828518,0.1836787608126329,0.40893705725979484,0.04343873994967144,0.7112629642841515,0.6297281476507757,0.05432662575519719,0.0,0.0,0.0
20140101,0.02013625827982711,0.6522414419379486,0.0692804407495316,0.26202413944351216,0.7439483117227952,0.13417403519658033,0.07424221934586478,0.2726878211849226,0.045289224473176105,0.1796513829143751,0.4262621052535198,0.02717897378280429,0.7024539478657086,0.6634385276242619,0.02781057326511873,0.0,0.0,0.0
20140129,0.03030649129070387,0.6085273745255959,0.029826328646492054,0.2714358487782556,0.5458246669911936,0.12137821672957926,0.06750209609180297,0.2955474895269619,0.06626307581270546,0.18405347475560818,0.4934929970364447,0.02066847610973553,0.7114454356304478,0.7013411841674846,0.040342053329066326,0.0,0.0,0.0
20140319,0.02219708468840352,0.6174455452985459,0.020030244605100007,0.23246326817073143,0.6192083019869895,0.040632487029663725,0.09478677820064524,0.25405639219705767,0.06164029085314555,0.17266355808034883,0.3922788855078789,0.061609955949892034,0.7301158613482988,0.6911316564227055,0.028479457050885636,0.0,0.0,0.0
20140430,0.03598946619283805,0.5743828049651165,0.046067335083989414,0.23287242133639824,0.5994269150772228,0.0419338297395591,0.08344864092112125,0.2523698921900051,0.03592989627003013,0.16871945473391592,0.44290043858176636,0.0,0.7281039025793969,0.7605065165366803,0.14546636624558706,0.0,0.0,0.0
20140618,0.031948590271305685,0.6302842040657841,0.058714629033335894,0.20395939238876232,0.6480948798513079,0.067865884137408,0.039161911017522144,0.24569488784093205,0.0133039256695602,0.17646650826120824,0.5251703815386681,0.039755062702213004,0.76861864151674,0.6882048103575918,0.0,0.0,0.0,0.0
20140730,0.046225945632618254,0.6165311822839035,0.0264330918549942,0.20041346420433842,0.5736491569677392,0.06150137028801904,0.033579429322102616,0.2979415954750833,0.027327002720043042,0.1786131004655771,0.5099634667797965,0.033439947216543656,0.7823368797665005,0.6522906874644905,0.022197139080255973,0.0,0.0,0.0
20140917,0.047572748031551426,0.6610093064619162,0.09184509416170221,0.1790696699445063,0.6860755852546799,0.10091869624420431,0.0564156057415528,0.23489273070069444,0.05954506637683409,0.22820020968557975,0.654289525007096,0.2789374975409084,0.7323108219034573,0.6309591446722794,0.0509605834281159,0.0,0.0,0.0
20141029,0.04525615416043979,0.47905106654809176,0.18621222208747173,0.16788647967305714,0.4575607381510821,0.2584005550097386,0.1358885690551166,0.36761656691225214,0.22045592057340718,0.28654428639104923,0.49862351860386334,0.07927136231827524,0.6589637059718257,0.6131914673828832,0.09042040210871383,0.0,0.0,0.0
20141217,0.05540216972678817,0.6349562233049839,0.07619313977116071,0.14492545264917284,0.5306124706819491,0.12447644655876729,0.08738568089175663,0.3699382666710549,0.17376492685560446,0.34532709462046185,0.5326952482397214,0.08547617598386366,0.6258244694605823,0.5712084430900608,0.13587566834320086,0.0,0.0,0.0
20150101,0.06427450395252132,0.7004646968197703,0.16178388719900805,0.13475535646554948,0.5883303093330974,0.0828183980557423,0.10664953731429783,0.35694652755901807,0.1831822588332898,0.3620740894936918,0.5973532490759873,0.18801920462299143,0.6023334053847613,0.6092316168241999,0.0965715381299797,0.0,0.0,0.0
20150128,0.06439027896152473,0.48258326339917584,0.17788876816346938,0.09477541663815708,0.41884984732486624,0.29827679817984387,0.15244765566137974,0.3145635176243247,0.1267154139203197,0.42051738052552023,0.7817330846917567,0.48184072215408696,0.5779514673958448,0.6609334917273557,0.05114366153327194,0.0,0.0,0.0
20150318,0.07100898467192003,0.6363340305873217,0.08448194357475393,0.10167288075864789,0.7193211488250654,0.1467177723770619,0.10393989915576762,0.2345593801277922,0.06594006771923638,0.5134449090266449,0.788588023085821,0.6140162675007457,0.6273203101482447,0.7172150198853365,0.10103028284846471,0.0,0.0,0.0
20150429,0.055629188739044544,0.5683204529228303,0.04949027197869513,0.07705823422229058,0.6340775324158076,0.022133598772773502,0.07233031315804722,0.23191185251705543,0.03532136783396934,0.5546313478024985,0.43602871382921254,0.19004162884849946,0.6724777248369229,0.7453041337396485,0.08194691311574429,0.0,0.0,0.0
20150617,0.07020090323256013,0.662863083532698,0.1065441702409916,0.1442240189717342,0.712893304420941,0.1599444990261475,0.07090471958735,0.28041130476893494,0.03083292534164462,0.4994735027850554,0.5318910290648167,0.2937327380173719,0.6865831842576029,0.674087082278808,0.029259340947652646,0.0,0.0,0.0
20150729,0.07305637430482263,0.6109072234678157,0.07469080955056319,0.15943071350063065,0.6040071690932426,0.08238964441456816,0.08847153372099759,0.24149344818020677,0.12992177533263732,0.5190602546525453,0.6488919477364359,0.30201142767210365,0.6686580266837823,0.5977566585747982,0.098963085976073,0.0,0.0,0.0
20150917,0.08027582888109938,0.6249232811854153,0.080823880862986,0.12588074717814834,0.6561601097490819,0.0693374355792268,0.23754620095434958,0.505203372059674,0.48944852723917914,0.5143436753677948,0.372695309281025,0.23293087741398733,0.5744593159181054,0.6547871149906169,0.047799242604437416,0.0,0.0,0.0
20151028,0.07106288801619288,0.552475669175946,0.0870782275968409,0.10917389029316249,0.5713037128822411,0.08591447334401985,0.18016730096787276,0.10396353361010677,0.221022053771203,0.5057449209147009,0.46769083800553646,0.18561106031323704,0.5628445373303752,0.6854931735619717,0.051142219973388824,0.0,0.0,0.0
20151216,0.11181662863486266,0.6407555394115511,0.06000410851427708,0.14097037129908208,0.5951675001106342,0.05142673699088199,0.13882703861831808,0.3357221106874356,0.13633361208316092,0.5773600230928562,0.4181680283964144,0.197846155191298,0.5890724063806623,0.6749134858736636,0.03841036308568777,0.0,0.0,0.0
20160127,0.1189590561133814,0.5004822325488183,0.1553092646996948,0.12385258146182176,0.5094260300039829,0.1558637985418067,0.21931223074396766,0.44634325235437655,0.23369182301501162,0.5742685038218949,0.5279645472108703,0.07681546539129068,0.576085114396008,0.6471600984797617,0.05937929314552692,0.0,0.0,0.0
20160316,0.09331387604886925,0.7291356138131444,0.20967777863028075,0.054280129710847946,0.7000818692746826,0.1296171811710361,0.2053970210381933,0.1074583076698842,0.19948786279537703,0.5359953173250465,0.49962001788510196,0.1583207758522413,0.5685146752845479,0.8229258130606203,0.19739567791515847,0.0,0.0,0.0
20160427,0.09304451556908262,0.5614314165111415,0.13029682778147655,0.057280454423026816,0.6065075009957075,0.09864781012461864,0.08141015783474681,0.2530854910221027,0.024063182809562426,0.4900180716116771,0.40391488400626285,0.11426528731101986,0.6435992473056966,0.6976223679906342,0.04459033030461603,0.0,0.0,0.0
20160615,0.09557672281728563,0.6123977604368902,0.14873316684775484,0.045483435526043614,0.5927224852856575,0.09983496216626163,0.09777787222533468,0.29001828961535386,0.09160390933171675,0.48497468386849807,0.4974087966622615,0.1557343999429659,0.6548482875408936,0.6674672451491831,0.01144021923242703,0.0,0.0,0.0
20160727,0.07408006912127393,0.6019013740496262,0.12058736904110744,0.0,0.6042726910651858,0.1522549425168485,0.11291316191101752,0.09670222719557664,0.22078376799471683,0.5123010794221452,0.6495618760434247,0.30705908108495295,0.6263143307637937,0.6721760239657043,0.03682320565437449,0.0,0.0,0.0
20160921,0.08868053206506837,0.6211530994401093,0.050878751803662525,0.011865244050272283,0.7041753330088066,0.08211170863712362,0.06806686243069371,0.3511892951680623,0.10435846905205542,0.4999191487247092,0.49777046638608013,0.09899252066225482,0.602536033449544,0.6893066818173993,0.009228866371723522,0.0,0.0,0.0
20161102,0.09719304193758307,0.6393526810877163,0.06878048901219931,0.035800209856616416,0.7355069256981016,0.13430977127393695,0.08284552672758533,0.3198016822684765,0.0751917719975907,0.5388178205903844,0.6829835157959634,0.3517410705127926,0.6536593063701861,0.7501592548594254,0.06918622503038088,0.0,0.0,0.0
20161214,0.1305098397039535,0.7608377068276615,0.2623533866780187,0.13913402702823496,0.893094216046378,0.41185342227278215,0.08288238703320905,0.14383019338094588,0.16791070335949546,0.603878638261615,0.6730627779286854,0.40604723002872894,0.7097474973179629,0.7792297229826284,0.11340030820550304,0.0,0.0,0.0
20170101,0.1521603913539036,0.6836429224545011,0.13893213278916144,0.18052118479998952,0.7366243306633625,0.1450609304169468,0.04820321465139188,0.2580551885617028,0.02103028744448661,0.6405047290833918,0.6098041489774055,0.26160766920484163,0.730491412840095,0.7171547612898783,0.046053513585981136,0.0,0.0,0.0
20170201,0.15842458492471892,0.5832132970928267,0.03308343996495387,0.18120126103813766,0.609052086560163,0.08055828464070879,0.0341020033614744,0.24872560405098523,0.022073946428913443,0.6352575707090011,0.2544323616575156,0.3017682928674741,0.751817751438487,0.7273040304391991,0.04455429130753808,0.0,0.0,0.0
20170315,0.16437692030663975,0.6865613687889075,0.1598434804560946,0.18220644496326321,0.6880448732132585,0.11198872744195666,0.030295230183721933,0.2767124769028958,0.0017593342284499477,0.6235675339275408,0.5740644657207299,0.14486597151859043,0.7557233808651742,0.681378372329253,0.013031701343389657,0.0,0.0,0.0
20170503,0.1645384740978807,0.5866578152986711,0.04599060981736912,0.15568010985633957,0.5715802982696819,0.0822151266008239,0.05160589610339428,0.24884737809665755,0.08264297368107698,0.5993087695232888,0.4117266448342271,0.1465521097072664,0.7211532825613884,0.6963483291152317,0.048434970512892604,0.0,0.0,0.0
20170614,0.17369751161851435,0.5989453511529742,0.0427433985333099,0.14374683840684582,0.540669115369297,0.11383085992036819,0.01364774066418098,0.2587834819854341,0.055698073381795214,0.5536434695056065,0.31054915808782013,0.255631530044299,0.7139284250839752,0.6590740836389306,0.018678291405564144,0.0,0.0,0.0
20170726,0.18269483910632944,0.6076380625524507,0.022596828523979123,0.14265563146235571,0.7040093817763421,0.1191051760690832,0.007972007032049894,0.24665168391407172,0.017635124086840988,0.5148784978838981,0.26828568550909976,0.30817723215741955,0.6832907434248652,0.7080987552295853,0.02288908782415277,0.0,0.0,0.0
20170920,0.17714560699462295,0.6106066109698511,0.04279289870532299,0.12533514370590326,0.608631676771253,0.05642742644397332,0.03533811796070549,0.20360432368387646,0.07752214691122403,0.44367683899278965,0.35557169758917373,0.1513892480610588,0.6872234252895209,0.7041475130416818,0.0492768414846337,0.0,0.0,0.0
20171101,0.20699306053033079,0.6796472813357216,0.11618185373194172,0.15765765053138497,0.6903350002212685,0.06278978575245188,0.0,0.2836677026080333,0.0035101485135186627,0.46023757544656085,0.5570461502775853,0.13303038445228588,0.7133796849451857,0.6939724187800218,0.022913594342165777,0.0,0.0,0.0
20171213,0.23872634990770034,0.6972331124666509,0.14495135370595413,0.16181740734134292,0.6449860600964731,0.0,0.00981728261499526,0.2683928176821556,0.03096876731891491,0.4693246039660699,0.38361865055990135,0.1358232399881762,0.7192328246856149,0.6672606442504693,0.022404723703425007,0.0,0.0,0.0
20180131,0.2803508248383486,0.7199418815837269,0.16572162588264994,0.19870625333957176,0.7504093463734125,0.13967242359997933,0.01355966617081697,0.324334591821862,0.058708476096344615,0.41553919507628123,0.2024938424584996,0.3931025716129523,0.7602655382440582,0.7379784102060845,0.06578990994575412,0.0,0.0,0.0
20180321,0.31706259584444274,0.6799604193544347,0.13514289462155882,0.26246730630878984,0.6263995220604506,0.007814519882103521,0.18968214747986012,0.08956128431653729,0.2662495256947519,0.3838247088347082,0.478766782543408,0.05870679859392082,0.7888299953188673,0.7359554430728441,0.08270661517414768,0.0,0.0,0.0
20180502,0.33850534619618167,0.7156832045292284,0.18844220483666185,0.26076266624690064,0.7164335973801833,0.12701018666942449,0.17352097057743943,0.13749324130538015,0.16197216650368582,0.3903016208144332,0.5705988457089489,0.18852464253635004,0.7942258958136352,0.7320128092557203,0.05884014974924067,0.0,0.0,0.0
20180613,0.3612950551884313,0.5762992096396408,0.10885830328260392,0.28217468566002196,0.5984422710979335,0.10470422462381716,0.06889291578927031,0.2275021275195238,0.05767415496986359,0.4600697339287598,0.5483843892970178,0.12047548155319758,0.8103220964048106,0.6592032092006268,0.03741712832621925,0.0,0.0,0.0
20180801,0.3733095637813275,0.6610719340656588,0.09101844128908347,0.2660132344932136,0.6670022569367616,0.04693667373356086,0.07349610725808009,0.20513754825120245,0.08546975457587414,0.48609626240935677,0.45561229005606646,0.026275373201836538,0.7987073178170805,0.6580582958869206,0.01763604361006959,0.0,0.0,0.0
20180926,0.39076549779738434,0.7086438618685572,0.16831048487893496,0.2749463789845961,0.7411271407708989,0.13466096144233586,0.05518320035546623,0.25547113390913495,0.027593302070366685,0.49418500869805504,0.3675083245077782,0.13865006041378652,0.7838000983966127,0.7019437701220668,0.004425588841173257,0.0,0.0,0.0
20181108,0.4168417483745017,0.6223304983904706,0.06269444286318895,0.31913412986035,0.6561047926715937,0.0579636141131048,0.16974800533199386,0.41166303852103303,0.258183115939594,0.5121998187733796,0.5439314261995379,0.1110416493619477,0.779867416531957,0.6289620026513782,0.05435978163250892,0.0,0.0,0.0
20181219,0.4075430308834914,0.4891591617921515,0.15566071592098785,0.29091818400066766,0.4710581050581937,0.19913128910491756,0.19819313022815527,0.34802693134106605,0.12380888635547424,0.5350345151046274,0.4934426379609763,0.033178989251961985,0.7211702566401137,0.5675929273625674,0.12782023171633564,0.0,0.0,0.0
20190130,0.36877199588459686,0.5953755777396446,0.10315093344949373,0.2355470450993971,0.629309200336328,0.045783994346484655,0.2433176593319552,0.018970891771553755,0.3075295374509106,0.5186052387102937,0.4170601287361093,0.0705272527885679,0.6788331912196273,0.7288277120672142,0.056520679897303285,0.0,0.0,0.0
20190320,0.3582780303249279,0.574871300274309,0.05130692829157582,0.22155278075837098,0.6104350134973671,0.029997673095816746,0.09114286266251953,0.23070962767232908,0.0377345565972682,0.5298303725812441,0.47278168272561627,0.03612889036705284,0.7316705808715394,0.732228018525214,0.05153288270171389,0.0,0.0,0.0
20190501,0.3330639207730208,0.6113456166940141,0.10498986483978033,0.19141229231373447,0.6787184139487544,0.06640295085923091,0.06606836929853366,0.22311073915435212,0.04289055369339886,0.540117687663435,0.5365530586271201,0.08254947860531421,0.739352942814594,0.709364185734208,0.032589344277655974,0.0,0.0,0.0
20190619,0.28856194470766805,0.3652692360684896,0.3877769225248058,0.14149639711864415,0.4517303181838298,0.25523553441232744,0.12893445124896163,0.22825016808579662,0.06728069785015928,0.547233396877747,0.433089575060965,0.06236895353502202,0.6867661860438594,0.595759516553897,0.10295620685231077,0.0,0.0,0.0
20190731,0.25127957946016977,0.6495359294562671,0.10270295689277521,0.10099102473389221,0.6577974952427315,0.0263845079890377,0.07239027877055038,0.22050505667900078,0.04917295546407483,0.5372728902539845,0.5564891483822528,0.11657994410253499,0.6725907085484378,0.7020298538298643,0.023142802363581585,0.0,0.0,0.0
20190918,0.21577493088263214,0.6451519971942834,0.19068456262885514,0.016229478566029854,0.6733858476788955,0.20069979488770534,0.14431622973938912,0.1793082858069764,0.12546693549700813,0.5619698692165196,0.5155563762219706,0.043620670695597594,0.6210099311621542,0.6937227760274092,0.03914123394642876,0.0,0.0,0.0
20191011,0.21771451382698903,0.54445933589689,0.26445219397137404,0.023866938407122618,0.6262888879054743,0.19008652636296258,0.12571688271545312,0.3106897864957755,0.1035792009506348,0.5733341960915803,0.501873968020461,0.028334788891396095,0.6158885333467712,0.6496995678597869,0.06990988809170628,0.0,0.0,0.0
20191030,0.21722969621168864,0.5638363164948583,0.2012454243278496,0.033481741169193224,0.6769814577156261,0.1411827567781857,0.10937026447462472,0.2134614390024872,0.11781957063711249,0.5665888927730718,0.3866951322612446,0.129071288940662,0.6258570915181325,0.7334504071759379,0.11803204010996224,0.0,0.0,0.0
20191211,0.2198464301533746,0.5941981787892832,0.05976155767141292,0.05240482788870243,0.6244744877638626,0.0721534205491494,0.06015281185402699,0.3051958493387058,0.04983907871739272,0.5562431390309999,0.46473796494397934,0.027015202482867068,0.6650391000555635,0.690365511423308,0.032345720657408976,0.0,0.0,0.0
20200129,0.21357208088001509,0.5267106729962299,0.09553533198527865,0.05742184858129257,0.5292184803292473,0.11771765172277095,0.06338790255587967,0.2967440723309621,0.059475271000655076,0.5439030394715987,0.49663204607397593,0.04862359806554821,0.6969074024222541,0.664927775769158,0.018789291516564256,0.0,0.0,0.0
20200303,0.1803780889936402,0.4048874581960745,0.38987572981816115,-0.0003409280123778391,0.4473713324777626,0.30026759398107455,0.16909095299731464,0.5492070581929483,0.48495408670671397,0.5677560289127692,0.543258445827369,0.1533538310882317,0.6746941682104679,0.636261901072603,0.09105180533751964,0.0,0.0,0.0
20200315,0.13576846248131938,0.059659055325225085,0.9482846952893162,-0.05005214774760097,0.22757445678629912,0.6692348794318908,0.3694737360663021,1.0887286131393725,1.1096980879679383,0.5614202485583819,0.3465131681352187,0.31721660082746544,0.6201866883439797,0.3876779780658713,0.474750357867241,0.0,0.0,0.0
20200319,0.12046756854513313,0.012713403559753034,1.0042322647071198,-0.06287214843578509,0.24621631189980975,0.6650550700656706,0.4933006974093465,1.3902510237953067,1.4618651764626815,0.5649855237767909,0.385475832221873,0.3644153549549562,0.5824159153205648,0.2359898765559631,0.6818102532388248,0.0,0.0,0.0
20200323,0.10947675476868826,0.0056114332953391965,1.012785894430983,-0.07105501399505537,0.28332300747886896,0.6339844355964632,0.5649868438846282,1.4525104730380978,1.5177887216261177,0.571224760794065,0.4821484707627416,0.5078369779453529,0.5570826332630943,0.17055765025911196,0.7560304053810548,0.0,0.0,0.0
20200331,0.07719052644818367,0.07020554379548327,0.950029576352778,-0.10019546012032149,0.35386334469177333,0.5530835789509971,0.7322604949481291,1.220039588319095,1.3663547026918044,0.5775744346005807,0.5766220963414894,0.5853710865973536,0.5053891373852758,0.23136718144723933,0.7250325432143614,0.0,0.0,0.0
20200429,0.0103442861283259,0.5082981574958979,0.16416732048143867,-0.16004434437209725,0.4917356286232687,0.2538889463433132,0.7680476015686881,-0.35082115201068226,0.7841716355544462,0.606684447844164,0.381309763251304,0.2798421069799866,0.4289540652255497,0.8106761014410413,0.2752312622442493,0.0,0.0,0.0
20200610,-0.0033404449291405333,0.6001728521863297,0.01836208880825861,-0.16604519155052241,0.6975262202947295,0.10111260492614234,0.38416936808144814,0.11171287654744722,0.19828259752489508,0.5779913674058363,0.2952735718624007,0.32547376817583995,0.46718234271460607,0.7599555808067766,0.09326171663834004,0.0,0.0,0.0
20200729,-0.00565703880025217,0.5742575497576312,0.006910224013028446,-0.17545551660679334,0.5826990308448026,0.02861230329041488,0.36890083650483935,0.10629792796054333,0.19014537000035237,0.5226478240150665,0.28575723263146013,0.2941137500971026,0.5828731545662261,0.7922283628600452,0.13287145754678226,0.0,0.0,0.0
20200827,-0.009367307543577726,0.5979182584515952,0.010753912369845485,-0.18186788999969547,0.6690821790503165,0.056030990916455525,0.2630257133473717,0.1957769325164912,0.07466660268757183,0.46528516353573224,0.32581253605252,0.2556900438147077,0.6441877704414984,0.7633817123771156,0.09956277488745024,0.0,0.0,0.0
20200916,-0.009051230832087954,0.5965404511692574,-0.001321654592749709,-0.1724551918946145,0.6669469398592734,0.04735680921109331,0.2843843285744644,0.3988523148822929,0.1932835037060731,0.45041374161931325,0.4566271017283845,0.04418025066088614,0.6695725051751049,0.7018576864142693,0.0496862444914393,0.0,0.0,0.0
20201105,-0.008135342704182352,0.6094918396232324,0.005046542536735317,-0.1515887759537382,0.7091870602292341,0.09011582811934434,0.3751134980584588,0.426429199441438,0.2544457234962112,0.4623915990323004,0.4286015132139162,0.07273967862488605,0.666188828669219,0.7357832756572492,0.061822737147412495,0.0,0.0,0.0
20201216,-0.006480588155794723,0.5780277315029373,0.01575590475176901,-0.12818695511338626,0.6636279152099838,0.04899426030301465,0.25171554971697935,0.1908100559972542,0.11274011671231876,0.4260510024965778,0.32123138621748404,0.20448477784439978,0.7065269310998274,0.7819155346659092,0.11828431308950793,0.0,0.0,0.0
20210127,-0.010490059520228988,0.5974422886631512,-0.00921445702023815,-0.10202646503134602,0.7284595300261097,0.1259738524915111,0.25208268454301336,0.2603938144426839,0.06197202336863702,0.38901278234214187,0.479274951395862,0.02391094607687029,0.7908151668697809,0.7844808291582736,0.11158538431265708,0.0,0.0,0.0
20210317,-0.010990813776444862,0.6204767213196889,0.020087169802915063,-0.030276740997147222,0.8415718900739038,0.29820138924797907,0.24956381971678615,0.29553761595569117,0.13597550182296114,0.40746697014848565,0.5355596114110613,0.13437754631583515,0.8874188924148412,0.7632611951861992,0.09427657479605533,0.0,0.0,0.0
20210428,-0.006398717569131036,0.6032416047697183,-0.0007400275715958166,0.02214845556050815,0.5863610213745188,0.06134839788337902,0.16103034986380227,0.2052555609363907,0.07162259731632689,0.4285541071446226,0.3840016847399793,0.15608884542578688,0.9257628058152134,0.6722448909319423,0.025475246254467038,0.0,0.0,0.0
20210616,-0.007057900785035806,0.5919060084923031,-0.00868728018829866,0.0099559285285159,0.5751205912289243,0.0680921109330024,0.16835817089426808,0.17859033612457625,0.14364263295150126,0.3903313463399165,0.4469520551080889,0.03992118800440804,0.9436638283708465,0.5971626809909957,0.1062386387061712,0.0,0.0,0.0
20210728,0.00565703880025218,0.5745706877763443,0.026079165625100542,-0.0291175066534356,0.509934947116874,0.16306427426443976,0.14057237795336436,0.29091490392074815,0.08195831103096154,0.43558813578456324,0.5325304367200066,0.061839639313048325,0.9090022291739326,0.718015598367853,0.05949461793617639,0.0,0.0,0.0
20210922,0.003609649167349578,0.5911043751643975,-0.0019082316311049216,-0.04541521037275453,0.6509271142187018,0.02064050192185049,0.16147000753433915,0.343187000738167,0.1405102246477327,0.446053696318474,0.45342548535466526,0.03207697990926331,0.9172330660357968,0.6831603050806605,0.028496755769483052,0.0,0.0,0.0
20211103,0.027261342943231973,0.7149441988050653,0.17944554857328127,0.0028640721596682184,0.7001371863521708,0.10564791354258234,0.16198185962946504,0.15891324892213515,0.14612152751815616,0.46932753343814637,0.47483419655910175,0.02481959094839052,0.9689968452083371,0.8513420450045626,0.22519471870121227,0.0,0.0,0.0
20211215,0.05668569428679235,0.716509888898631,0.193030870782276,-0.00416687595638815,0.5765477718281189,0.11774350621369602,0.20396476247512701,0.423453963298525,0.28846660717246997,0.5080153048545424,0.5909255998071095,0.20002562499600662,1.0280114734163384,0.5829416524628549,0.18905625399131898,0.0,0.0,0.0
20220126,0.09959619364268646,0.7993662086501248,0.3117941584847007,0.018927832817129286,0.8162587954153208,0.25690745815881555,0.20440965554546686,0.3953180465374326,0.23830860993443115,0.5132404060274145,0.41345258769346277,0.06008422620078495,0.9912596755563985,0.706480381522993,0.08496842263076029,0.0,0.0,0.0
20220218,0.15473306517070565,0.916705287022308,0.5327332262479613,0.06157646378549536,0.7405739699960173,0.15339469465846217,0.27531114889013386,0.34807629919741967,0.24564257719699173,0.5115731486915802,0.48570412669732976,0.10199353725494416,0.9964333217078576,0.7057228448943753,0.042772523292003824,0.0,0.0,0.0
20220316,0.20591561861118424,0.7933664842115812,0.3911726343249043,0.07712408632676959,0.6505509580917822,0.16447118947894585,0.35261306338504333,0.4600463587679664,0.25102486398932783,0.5348217621950639,0.6919138585123624,0.3709867204006916,1.0637442961128034,0.9295835270216759,0.3368795706458045,0.0,0.0,0.0
20220504,0.35752385222984073,0.8175532647769832,0.3836832582993226,0.2245531054705499,0.8962804797096962,0.4157962321388559,0.2681032397658559,0.46774257248846907,0.28121886173692745,0.609336115498917,0.7573379277087842,0.4930097902953903,1.1441335329555717,0.6138284868205844,0.12184496600081018,0.0,0.0,0.0
20220615,0.39141202544550335,0.7760311634956224,0.5429946119062765,0.2810834787155319,0.7150174801964864,0.31971017115673,0.3560638100573769,0.19948845497416415,0.18108826122882526,0.6686460348399956,0.43842763706061705,0.2820202316405479,1.0553304574646827,0.6587383571785205,0.12113571853831595,0.0,0.0,0.0
20220727,0.44890783231216447,0.5907411350626903,0.22937884709149364,0.2945123641775626,0.4561888746293757,0.27931037454539187,0.3247866043312791,0.13732021872311215,0.13574001058790403,0.7325507880527597,0.6869023674869601,0.4211693405329932,0.957444128095946,0.5864538677409914,0.16030434212252398,0.0,0.0,0.0
20220921,0.5108021520714899,0.9131229880882299,0.5398736260608507,0.3182475983757272,0.9329114484223571,0.44519278832066467,0.2639530166335027,0.39039865719430716,0.15242928464033467,0.7840199969210389,0.6991243624998855,0.4190117293206787,0.9486937252931011,0.614250296988792,0.1167735583319999,0.0,0.0,0.0
20221102,0.6445233811614843,0.7899720680887309,0.37570878058801255,0.47147298699213297,0.8302872062663187,0.3493394177568644,0.38546195158704094,0.2155344187992797,0.11902524486487673,0.8613813878188719,0.4018593181075975,0.29088035985296234,0.902326111835309,0.8021107725151938,0.200545486259772,0.0,0.0,0.0
20221214,0.6626797461699331,0.42815987574683423,0.3143236172745701,0.44049718536635724,0.34455901225826446,0.4441801540927659,0.24811158549543105,0.20402841707845726,0.09448187804634833,0.7521033124854726,0.10751967819024749,0.6832020752883905,0.8966328997428692,0.6024740457620992,0.1414415310519207,0.0,0.0,0.0
20230201,0.6303319586678531,0.5007076919222917,0.21701865413982313,0.40708050528537293,0.4706598221002789,0.2654545219504628,0.20239754264629173,0.21013028412376755,0.056336455699463835,0.6673525005962873,0.28327590364019817,0.27138753972799173,0.8529943998801206,0.6761703080075065,0.06076463219320364,0.0,0.0,0.0
20230322,0.6802973902188085,0.3879780051855656,0.8159435104036987,0.4448784267319203,0.5460127450546534,0.3411047623972284,0.22042572880242645,0.3415193075335349,0.12483407410265057,0.6921397546873007,0.49565691124899663,0.15949945841133767,0.9053440499886618,0.6025084792452181,0.1853860425288997,0.0,0.0,0.0
20230503,0.59450638988992,0.675864574069667,0.29172678875059094,0.38199500631428734,0.6579523830596983,0.12794956650636885,0.16344186001584138,0.18674778667444014,0.08540534380391207,0.644261001573148,0.4113726052733582,0.07421261146621048,0.8667956519836466,0.6606580238624039,0.05103986922168741,0.0,0.0,0.0
20230614,0.6342329983774313,0.970013903328031,0.6283675585772661,0.4122832170473499,0.7873390273045096,0.243232587000362,0.12871462241369314,0.19949785837537437,0.08949287184048976,0.6671307654083711,0.620724438191102,0.25961483815057473,0.8235830954089094,0.6657713961055731,0.028851379500730155,1.282591,-0.016032,0.09504099999999999
20230726,0.7157461043115645,0.6422961784636196,0.22189194607451262,0.45377498672081434,0.6818493605345843,0.15439224709998794,0.07395243706894883,0.268171367583655,0.006800346168707561,0.641089395705269,0.31807860288664325,0.30386503630712197,0.8323170545729892,0.7043627223111755,0.030062289802549547,0.7662579999999997,-0.012483999999999999,0.076244
20230920,0.7424168540914593,0.6518155742324988,0.1334623637817141,0.5326402976119615,0.6900030977563395,0.1280228208973232,0.09645219558371809,0.20853546727851463,0.06418509570179762,0.6875048775171568,0.6141624980543084,0.20992823992260046,0.8501050934171075,0.6882478522114905,0.028078703403378737,0.5425909999999998,0.000729,-0.035697000000000007
20231101,0.7612734938507222,0.5777772210879668,0.10559871695554142,0.6292670878300961,0.8141567464707706,0.28939362600617063,0.16306371346328458,0.32092397820291596,0.07730635378526429,0.7354069156262715,0.4916877004825315,0.061460308663501786,0.8639148325599961,0.7497374446912178,0.11160412459113761,0.9274190000000004,0.023875,0.109548
20231213,0.721243464219507,0.42370079036035924,0.32508247966161685,0.5693952641064899,0.41516572996415463,0.31950118068841893,0.07073819137221565,0.2083314134722529,0.04529229165279335,0.6944051843728949,0.32099027306827166,0.2759152949278986,0.8402280361388745,0.5910937795912746,0.10689454845299004,0.6162580000000002,-0.011118,0.05430299999999999
20240131,0.6427734754923368,0.611508448463745,0.12279260170429092,0.48852571574118425,0.7692614063813782,0.1795702121791889,0.061992658848984805,0.27137839756639975,0.007361231081380516,0.6570052390377055,0.6031186002008259,0.18652306804512558,0.8399299288812625,0.7302480932458724,0.04546247403390261,0.17915500000000018,0.0057929999999999995,0.016134999999999997
20240320,0.6866008004256021,0.6497238122674951,0.18451684119602318,0.5308674323967832,0.6335907421339118,0.11715316200424016,0.07851233506558736,0.27350450658003,0.018587108480485823,0.6825135094435733,0.3922025838783813,0.09833373631610083,0.8802852706105762,0.7072895683762892,0.030131484676939234,-0.03940900000000003,-0.004640999999999999,-0.011279000000000011
20240501,0.7191421712423315,0.8179165048786904,0.37785708805338103,0.5786011114569611,0.8466942514493075,0.31778185704190154,0.10338699457141198,0.33310044243002696,0.09659257473984012,0.7111917486593948,0.5990212026968048,0.20824613716636642,0.9021431100490525,0.6986381557426442,0.023449854618685796,-0.1194090000000001,0.008809,-0.0009989999999999999
20240612,0.7254996410349756,0.5881984543507397,0.12866827212224563,0.5765553456286268,0.5823118113023854,0.11872382232793836,0.05742818229237101,0.24926159791996766,0.023988070988713528,0.7058438250616637,0.4225279035059073,0.06121448357057753,0.8704082133323432,0.6596250193688343,0.019902175746331595,-0.18540899999999993,0.0064150000000000006,-0.044743000000000005
20240731,0.6804242583798217,0.3971717374149831,0.3157046720737355,0.5382442523769051,0.5810837721821482,0.10580734956995365,0.076463883468887,0.356878352900244,0.1029447718866951,0.7069025276540546,0.3597041938427637,0.14447857000415987,0.8364847213399975,0.6548387652152954,0.030118510637991168,-0.15128999999999992,-0.0015120000000000003,-0.028923000000000004
20240918,0.5703356615932422,0.36324010170722854,0.3881803489267125,0.44808342690396624,0.5123357082798603,0.1608106244721375,0.15618731526379848,0.23429044285318,0.1744824424073979,0.6380588999224917,0.3567894715959554,0.1903331888424329,0.7730997983002053,0.663739820601553,0.03782653133302485,0.0,0.0,0.03501299999999999
20241107,0.5887613870814776,0.8671543269411427,0.4624306069463591,0.5056367819401495,0.8755697658981282,0.36125618353241296,0.18524815022313235,0.2954172524202004,0.08990837243930547,0.6689480935674244,0.6578634933327636,0.32679167315418484,0.8470871552637547,0.789895494378734,0.1312309623997936,-0.38407500000000017,-0.005842999999999999,0.0
20241218,0.6296457456590231,0.5294788130816539,0.15549736535334463,0.549615111258416,0.5720338983050849,0.1542672837271834,0.08902445762417166,0.23641420101650767,0.04467326664648689,0.7370697141332831,0.528990041111318,0.13935626109113386,0.8868765175555735,0.6574815350446775,0.029988770248510516,-0.6451609999999999,0.004266,-0.053803000000000004
