sbert_pca_0,sbert_pca_1,sbert_pca_2,sbert_pca_3,sbert_pca_4,sbert_pca_5,sbert_pca_6,sbert_pca_7,sbert_pca_8,sbert_pca_9
-0.13896258,-0.48207146,0.13026404,0.05412954,0.10857271,-0.4655882,-0.088196635,-0.26414406,-0.016365893,0.14347851
-0.19852726,0.00069367886,-0.11553967,0.13299234,0.2992777,-0.05940441,-0.040306844,0.10917315,-0.1230083,0.13740931
-0.38294774,0.0175094,0.0023834072,0.22305077,0.32713854,-0.06700808,-0.10525057,0.030283257,-0.095828585,0.17484352
-0.4825257,-0.018375814,-0.037128,0.3840425,0.255174,0.12391789,0.17433318,0.047744345,-0.0539951,0.03301202
-0.47221768,-0.043193728,-0.03649608,0.40013292,0.22535187,0.15023208,0.19749172,0.043893397,-0.08553195,-0.030908069
-0.11570164,0.040083528,0.05765588,0.17422289,0.16177838,-0.22960651,-0.06972049,-0.07515697,-0.04680835,0.1003281
-0.19152273,0.0666334,0.054581642,0.1653956,0.12899004,-0.1337333,-0.05580259,-0.04900938,0.0022790208,0.1005654
-0.3312157,0.042674243,-0.0127222575,0.30109003,0.15057537,0.05481565,0.0465336,-0.08789395,0.049987115,-0.010620534
-0.20300569,0.093490005,0.046482686,0.16325264,0.0129161,-0.16578832,-0.14263457,0.029598452,0.004688911,0.058886353
-0.20912737,0.06426692,-0.03745897,0.24766424,0.04930054,0.075697556,-0.03702019,-0.0101095885,0.09573322,0.024021048
-0.18951967,0.029936492,0.01629072,0.2165068,0.10410266,-0.23957086,-0.052149445,0.012495609,-0.021085799,0.12134297
-0.40139502,0.0506292,-0.050179794,0.28344443,0.031254683,0.17669383,0.14862752,0.05459957,0.1091821,0.0018010624
-0.40667233,0.05190444,-0.019051112,0.27714735,0.008134846,0.18490797,0.1820605,0.0131211,0.09474719,-0.011313705
-0.3839084,0.04446459,-0.046138644,0.26629993,0.00722822,0.16331163,0.1263998,0.100804366,0.102902226,0.009961046
-0.16445757,0.091196,-0.042963147,0.079810984,-0.009030251,-0.18337141,-0.15206577,0.1867734,0.0984141,0.15409373
-0.1745712,0.095065296,-0.03167793,0.08533928,-0.009157492,-0.15203983,-0.13232595,0.14357695,0.09802433,0.16778274
-0.1691136,0.07829273,-0.054596387,0.068544194,-0.016212305,-0.18168704,-0.13572101,0.24614537,0.14263418,0.14172989
-0.119901426,0.08185285,-0.031406786,0.091057345,0.01473047,-0.17326662,-0.10983229,0.20206873,0.11083118,0.18430376
-0.24648158,0.09586382,0.0006107781,0.0617733,0.007521175,-0.1816118,-0.05484861,0.049740598,0.08095089,0.2113293
-0.32513508,0.041656077,0.04751189,0.21422265,-0.18490048,0.16204295,0.036716443,0.06413474,0.123404406,-0.040378463
-0.22309549,0.025336027,0.08788532,0.13387124,-0.27673724,0.11186683,-0.13763796,0.1561141,0.041696765,-0.083872795
-0.2166261,-0.02267757,0.13474433,0.084484585,-0.2951259,0.031053022,-0.16959687,0.1104496,0.006732449,-0.04269241
-0.12519157,-0.025461257,0.17459247,0.056013465,-0.22387184,0.20691565,-0.10869759,-0.03911895,-0.0016941577,0.02643
-0.10725556,0.016031146,0.10708239,0.10766035,-0.28330627,0.14980525,-0.14590509,0.09412095,0.04962734,-0.011517553
-0.34399185,0.043638766,-0.011043444,0.20434669,-0.12793224,0.20576921,0.0027542338,-0.07862739,0.10849009,-0.09650454
-0.3463151,0.06070459,-0.0027959794,0.22287516,-0.091598295,0.17467296,-0.024720348,-0.0461152,0.102458425,-0.08242912
-0.32396677,0.00039702654,0.11401322,0.18508153,-0.14004496,0.08829449,-0.09767975,-0.07234301,0.07082216,-0.038120165
-0.40375748,0.019600034,0.051819578,0.27629873,-0.13612089,0.0067023635,0.0019181967,-0.06152751,0.12707698,0.030507196
-0.4120658,0.06904894,0.05039961,0.2563385,-0.1647357,0.063788,-0.006451957,-0.019999806,0.054461807,-0.009213254
-0.3477795,0.06856769,0.07752529,0.25684902,-0.1856177,0.07190052,-0.010366619,-0.02275518,0.117791764,-0.004882559
-0.25843456,0.07395172,0.08651753,0.0857714,-0.18790834,-0.1610718,-0.114059076,-0.08384603,0.103203095,0.047062073
-0.35211766,0.041957617,0.059623517,0.10525447,-0.12584676,-0.048491947,-0.07113856,-0.100617096,0.050279967,-0.038716942
-0.33981588,0.12039584,0.038083665,-0.11405285,-0.08053131,-0.09676626,-0.024696298,-0.1977735,-0.023807272,-0.12686917
-0.31738025,0.102856874,-0.0043360367,-0.06222402,-0.15954718,-0.08915685,-0.047341913,-0.19236307,0.0048929527,-0.062826455
-0.28506464,0.112981796,0.07160388,-0.102808625,-0.15725131,-0.13983291,-0.012889862,-0.19261545,0.040033683,-0.06792725
-0.28561237,0.111694515,0.03381776,-0.095993996,-0.0832921,-0.13811342,-0.052337825,-0.19809188,0.013082936,-0.060667936
-0.3236471,0.086520374,-0.049658917,-0.028950337,-0.1872123,-0.014278434,0.10363053,-0.11187364,-0.025106471,-0.032078743
-0.32111233,0.106496274,0.01017904,-0.09482603,-0.14985569,-0.10338209,-0.015362911,-0.22732075,-0.008371621,-0.110272124
-0.33945492,0.072888434,0.030071065,-0.19870262,-0.18167457,-0.13541245,-0.0018705502,-0.17379753,-0.0493172,-0.030767005
-0.26258332,-0.0005878806,-0.022411507,-0.100873634,-0.2520917,-0.16318138,0.050759207,-0.06562671,-0.08947521,0.09575026
-0.24866861,0.08600402,-0.041329607,-0.17490686,-0.2505682,-0.11410958,0.039643686,-0.01821236,-0.035760853,0.07043114
-0.22592247,0.09016734,-0.12885599,0.022211831,-0.24144958,0.10644871,0.064895265,0.03930317,0.008617744,0.120347306
-0.15206681,0.13651979,-0.12544614,-0.12119827,-0.18259877,0.045392245,0.08213801,-0.02181251,-0.088799246,0.07598062
-0.1742455,0.14616483,-0.11840907,-0.12360862,-0.162932,0.04376249,0.070862465,-0.043246027,-0.09033629,0.09197609
-0.17790493,0.15034479,-0.10144764,-0.13408995,-0.17624293,0.03986834,0.072261535,-0.022970546,-0.10872446,0.07951163
-0.17764457,0.15663761,-0.1231468,-0.11837661,-0.12569803,-0.007854395,0.049179476,-0.057968017,-0.08022316,0.03917386
-0.14793622,0.15473336,-0.15991664,-0.13672338,-0.07567249,-0.004843183,0.027832698,-0.033678133,-0.077242725,0.016559694
-0.16181767,0.15314215,-0.13402085,-0.13392681,-0.0717834,-0.03438516,0.039330304,-0.011797357,-0.061249387,0.020737614
-0.2018274,0.1568799,-0.1221962,-0.1417598,-0.077987514,-0.011795983,-0.00053185225,0.022193678,-0.10129008,0.0009869412
-0.20345068,0.15668625,-0.120534256,-0.16691674,-0.085258015,-0.0016018376,0.008241914,0.011996366,-0.12867974,-0.014716838
-0.1289767,0.14560252,-0.13372523,-0.15687574,-0.11988857,-0.003858,-0.0155796185,0.1198428,-0.11019857,-0.020503351
-0.21838354,0.14528298,-0.117551,-0.1694418,-0.10434318,-0.014848404,-0.005930014,0.07600778,-0.13947487,-0.057102695
-0.21176678,0.1634736,-0.1386822,-0.14525741,-0.07177298,-0.0019198954,0.032038946,-0.0014292039,-0.10738593,-0.03374626
-0.21000874,0.16244227,-0.14618659,-0.14631264,-0.084000744,-0.0027827919,0.02903096,0.014275454,-0.12086315,-0.026998896
-0.1807105,0.14954782,-0.115703985,-0.18680324,-0.07560693,0.015657634,0.065513,0.047509417,-0.11970028,-0.01710073
-0.12735164,0.121123016,-0.15989317,-0.19738902,-0.11108095,-0.021761581,0.05278472,0.20313382,-0.08965326,-0.06583651
-0.11120406,0.14889205,-0.1397029,-0.18797766,-0.08795604,0.013364971,0.07417918,0.13958271,-0.10594687,-0.021935761
-0.19845039,0.14816082,-0.12510535,-0.22363158,-0.08955383,-0.004816383,0.07240768,0.09301956,-0.1196893,-0.05109977
-0.12545356,0.15384585,-0.13420437,-0.20218547,-0.047361568,0.0153723955,0.06206984,0.09323943,-0.11613853,-0.061260186
-0.09136967,0.02820468,-0.0877341,-0.14217146,-0.14161716,-0.16598207,0.03908535,0.33898205,0.0750735,-0.0019269623
-0.109563105,0.06863856,-0.1226535,-0.27289748,-0.058525227,-0.082755014,0.10523365,0.17735608,-0.061132904,-0.068393454
-0.20642352,0.08542907,-0.109975964,-0.25407237,0.021285914,-0.011781447,0.040625714,0.024681669,0.015563436,-0.18296851
-0.187358,0.117378175,-0.052252598,-0.21712469,0.11997732,0.026493028,-0.047046073,-0.0871523,0.0508394,-0.13517156
-0.09707836,0.08932066,-0.0249806,-0.14967282,-0.023176966,0.038252622,-0.1298335,0.18039098,0.09884047,-0.10154353
-0.07159412,0.073314905,-0.031712648,-0.030115705,0.041567024,0.09484863,-0.046276852,0.20565008,0.18339178,-0.1290371
0.012849405,0.072921515,-0.05377517,-0.13517432,0.116418645,-0.0140136555,-0.008872673,0.1434839,0.25028753,-0.009030862
-0.07396512,0.1042434,-0.07320849,-0.23358054,0.19398504,-0.019155696,0.054885063,-0.006277818,0.18429726,-0.016413009
-0.095203385,0.095984876,-0.036002222,-0.2571791,0.20507607,-0.017710082,0.03016232,-0.01695763,0.1601815,-0.016334232
-0.08708264,0.10528773,-0.019447498,-0.22494663,0.19109167,0.008906707,0.011725862,-0.025765833,0.15806043,0.0048734024
-0.024461016,0.096664906,-0.057246387,-0.21112077,0.18618912,0.004872903,0.028310694,-0.007424794,0.17560491,0.005638607
-0.06646672,0.09940636,0.002161231,-0.23540549,0.22157767,0.03215857,-0.021464005,-0.028920364,0.12009502,-0.0010332391
-0.09902551,0.09449577,-0.008804606,-0.22403254,0.26208302,0.060808405,-0.0039026663,-0.076107085,0.06785072,-0.015134191
-0.12308086,0.09630692,0.01384791,-0.22285365,0.24021782,0.07056224,-0.008495115,-0.07918024,0.05936279,0.0031043626
-0.096674934,0.09932715,-0.034500886,-0.24379168,0.25147757,0.06545341,-0.018185198,-0.02223384,0.09316481,0.014084559
-0.010953084,0.076554894,-7.826835e-06,-0.21703868,0.20344394,0.06407116,0.013601948,-0.011165157,0.06442379,0.056956705
-0.2610478,-0.026448756,0.2941478,0.03372389,0.2246461,-0.010745563,0.019646399,-0.15175484,-0.13952045,-0.13700329
-0.18656556,-0.061541975,0.2449851,-0.14047833,0.0012409557,-0.038973995,0.028241951,-0.13507892,-0.110321015,0.18934555
-0.083767064,0.075393796,0.040023506,-0.20912834,0.20290639,0.0929973,0.054094985,-0.055024717,0.042267524,0.045275304
-0.03702654,0.056675732,0.035199113,-0.18626244,0.15922283,0.07557154,0.07267545,0.012197334,0.15302548,0.07876451
-0.05428715,0.09182674,0.0054173404,-0.21008994,0.15755968,0.07027292,0.031961717,0.006337881,0.10091577,0.012138985
-0.13629627,0.048482,0.13580397,-0.1927561,0.17307751,0.11524853,0.035446946,-0.14107837,-0.0075683147,0.04364145
-0.19032249,0.0586679,0.06575149,-0.18815883,0.20946807,0.1289792,0.017707825,-0.11555754,0.019781508,0.03151561
-0.24668036,-0.1783998,0.36836138,0.124861464,0.25770995,-0.12835412,0.18631834,0.02379552,-0.2109797,-0.1836869
-0.053775594,0.062457025,0.026110906,-0.13954137,0.16702884,0.1516059,0.0065829232,0.021382978,0.055202663,0.05794328
0.0074692667,0.06237316,0.034013506,-0.1299086,0.1987537,0.055197924,-0.018000208,0.12153347,0.032292463,0.052606422
-0.027586505,0.089981616,0.0882756,-0.16122696,0.14349322,0.037157893,-0.05429727,0.030310765,0.041032456,0.10451841
-0.009881437,0.09292781,0.060815293,-0.16100013,0.10077283,0.009527296,-0.003336206,0.053362545,0.03845544,0.08215043
-0.07372378,0.094375074,0.09097744,-0.17246976,0.13910556,0.04436688,0.0034412593,-0.005669497,-0.010769416,0.06889491
-0.19056645,-0.1301947,0.1774148,0.032434717,0.23288026,-0.03414724,0.30670762,0.104205996,-0.13748863,-0.05121033
-0.13484022,0.0020683408,0.20316733,-0.006234478,0.13120236,0.1222406,-0.032190286,0.043517906,-0.06820971,-0.0065514594
-0.10438377,0.02750212,0.12406507,-0.014113035,0.13719042,0.12631357,-0.111355394,0.0035316162,-0.005270943,-0.014939817
-0.0053032786,-0.008614004,0.24967326,-0.03366982,0.12302792,0.021472842,-0.14262123,-0.014688835,-0.009207193,0.0020389892
0.0167218,-0.00881511,0.24928312,0.01613539,-0.03001188,-0.008935198,-0.0204001,0.04250649,-0.1384105,0.065732434
0.09685029,0.017928064,0.2654209,-0.058077183,-0.026620938,0.0041424036,-0.0835481,0.013609478,-0.1226105,0.11927763
0.047883883,0.0028566122,0.28118157,-0.04819629,-0.004009219,0.014419183,-0.14127073,0.11436048,-0.16624266,0.020797849
0.07170002,0.0054118037,0.28076774,-0.036576245,-0.043732308,-0.0040688515,-0.15295564,0.13170666,-0.13160677,-0.04635562
0.1273279,-0.022590756,0.33830914,-0.05482914,-0.0045846943,0.07456629,-0.17081907,0.06669467,-0.090711065,0.08217342
0.16896148,-0.035933435,0.34621328,-0.07739207,-0.015970876,0.042043686,-0.17875941,0.051147696,-0.044647556,0.07801296
0.14709638,-0.059525102,0.36349648,-0.0586912,0.0093442425,0.053447723,-0.18920414,-0.014588632,-0.056378998,0.05821414
0.10292487,0.017429352,0.25387895,-0.037243243,0.0053873416,0.09420112,-0.15198456,0.0041676573,-0.07352741,-0.08013545
0.13289212,-0.012960345,0.26715112,-0.023863379,0.03301227,0.12712723,-0.10787302,0.034939297,-0.021009471,-0.07799521
0.14660297,-0.010053635,0.25600067,-0.040771786,0.02308753,0.1130283,-0.0942063,0.027213909,-0.01562839,-0.06035643
-0.24188137,-0.26441193,0.27683967,0.16573271,0.22982194,-0.2452105,0.3578968,0.18633279,-0.2291652,-0.24266624
0.21570091,-0.11991596,0.39055356,-0.057189804,-0.0076462347,-0.03217686,-0.06868082,0.08014569,-0.042051554,-0.052041553
0.1522838,-0.030694455,0.28976968,-0.054184828,0.06284322,0.0786272,-0.065088496,-0.030408997,-0.017358027,-0.05740924
0.2123606,-0.08335686,0.29647258,-0.016674187,-0.0056361463,0.06460838,-0.0450631,0.048280876,-0.026557148,-0.02157265
0.2585507,-0.050103515,0.2539726,-0.04051427,-0.049715027,0.0429987,-0.03821861,0.0024668798,0.028472826,-0.05530193
0.28400338,-0.08349499,0.28649235,-0.006275099,-0.063441604,0.04394321,0.0170645,-0.00027868524,0.019473098,-0.042040817
0.28295314,-0.038487762,0.20389336,-0.02722117,-0.08800243,0.01904723,-0.04370472,-0.042102415,0.083730094,-0.07719271
0.24783672,-0.03531468,0.13087654,-0.035960536,-0.10906621,-0.11747071,0.04503275,0.048916742,0.15521142,-0.17179091
0.2533127,-0.017854452,0.1052332,-0.011351351,-0.098300464,-0.115852,0.08100796,0.038995635,0.14539346,-0.14358126
0.22327806,-0.10063982,0.20952111,-0.01918811,-0.09503289,-0.09528236,0.10710123,0.05484963,0.15543601,-0.080666274
0.2382227,-0.08475909,0.19236493,-0.017021019,-0.06736879,-0.13763453,0.08632389,0.10081127,0.21817786,-0.07502842
0.22569256,-0.03434071,0.22980167,0.02271153,-0.13052984,-0.05928082,0.059623532,-0.04386485,0.08870376,-0.03880605
0.24024163,-0.012391657,0.18676811,0.044033438,-0.12027078,-0.0372291,0.03430648,-0.1022263,0.08347323,-0.104993
0.20975696,-0.019567728,0.13955435,0.03624758,-0.053213656,-0.056194894,0.17615607,-0.16371486,0.066448234,-0.016619302
-0.16029271,-1.128761,-0.16689163,-0.11351417,-0.044557773,0.045073807,-0.03526514,-0.016270373,0.031559452,0.012897756
0.23920853,-0.01617977,0.08685903,0.052686065,-0.035846733,-0.035846494,0.18184604,-0.10054256,0.030779287,0.023199603
0.26182234,-0.02925089,0.07737783,0.05586301,-0.06384435,-0.1145371,0.15616602,-0.047056828,0.06583565,0.0010385476
0.24813394,-0.04761958,0.08871366,0.025966216,-0.074309975,-0.10075235,0.17020775,-0.02637272,0.09827236,0.012583286
0.2650299,-0.05350578,0.09255073,0.042544633,-0.0513222,-0.059179045,0.19245641,-0.031551305,0.11523897,0.010310538
0.2821769,-0.07631868,0.110926546,0.082862176,-0.08869162,-0.042513795,0.185025,0.02468351,0.105994396,0.056832958
0.25952286,0.014624536,0.05038943,0.0017583892,-0.035167523,-0.0014058575,0.12848003,-0.046027336,0.09987698,0.013062749
0.24945037,-0.008692026,0.042312603,0.018027544,-0.021955552,-0.010280117,0.1460603,-0.0051522404,0.11688917,0.033816565
0.25411385,0.0048249364,0.00507685,0.031501584,-0.05869939,-0.042628467,0.15813744,-0.045438867,0.10533569,0.018928695
-0.17613475,-1.161903,-0.17607711,-0.122116685,-0.03294205,0.06026736,-0.048061162,-0.012381289,0.0049517527,0.024153985
0.25468218,0.007986426,-0.024726488,-0.017011072,-0.035685964,-0.033168465,0.14589363,0.017827742,0.021490887,0.070824
0.23981391,0.026648164,-0.08396399,0.021550082,-0.0383922,0.026998386,0.12474811,-0.017804835,0.009754986,0.08339396
0.2482159,0.023996592,-0.090307534,0.024081033,-0.039169513,0.027273953,0.11590298,-0.0040374883,0.017054759,0.084504575
0.26925057,0.0027933717,-0.10438206,0.042344883,-0.015161475,0.046206728,0.100501135,-0.08401734,0.0107834935,0.11689095
0.2767061,-0.0024100542,-0.053074636,0.03600369,-0.026221434,0.06523399,0.11473548,-0.07308017,0.010923222,0.11230357
0.26891887,-0.02500102,0.03050663,0.0505215,-0.0411395,-0.0028727278,0.085795045,-0.1059334,-0.037076734,0.108016476
0.27371848,0.0012056231,-0.030915242,0.05195838,-0.050694793,0.05293557,0.10712075,-0.041016687,-0.0113308355,0.13127717
0.27994758,-0.0040968955,-0.077815175,0.045926936,-0.073903985,0.061612576,0.14483243,-0.051001374,0.012395784,0.13813806
-0.19452825,-1.1492224,-0.1766807,-0.10566303,-0.02723738,0.08120343,-0.015153751,0.010774072,-0.008557115,-0.0021395124
0.28100836,-0.0006055236,-0.043095246,0.020303022,-0.04131148,0.102099344,0.085205905,-0.036710586,-0.031066973,0.12134227
0.27455384,0.0026543736,-0.061897546,0.020654209,-0.03486806,0.08729741,0.08229648,-0.01987584,-0.016405351,0.10075611
0.25944895,-0.010527909,0.050602593,0.003515523,-0.081214204,0.07446851,0.036466785,-0.011789892,-0.08307531,0.107181385
0.2556122,0.014397442,-0.02581181,0.0028441623,-0.026029037,0.098205,0.06952403,-0.03510287,-0.043810494,0.11567706
0.25370115,0.018066823,-0.0011521969,0.008147009,-0.03128624,0.075938,0.03727901,-0.0024705194,-0.053348333,0.124488726
0.2696541,0.0051210523,0.034568306,-0.011493545,-0.0153296795,0.07529651,0.0100639835,-0.053757224,-0.08336304,0.09843838
0.30137616,0.010020494,-0.017618604,0.037926473,0.005389048,0.06608415,0.032749716,0.006687887,-0.033261213,0.07735194
0.27025747,0.013249576,-0.009292653,0.02450012,-0.013656845,0.068640694,0.013126124,-0.008633353,-0.060084864,0.046386037
-0.19298694,-1.1231875,-0.1754684,-0.13438135,-0.054754518,0.07627672,-0.03994105,-0.0031834394,0.01713068,-0.011581857
0.27692062,0.0038343072,0.008571335,0.0051464103,-0.060997367,0.07854825,-0.0088186115,0.009731419,-0.08695977,-0.011085879
0.25942612,0.007384479,0.014257152,0.0045663267,-0.07468227,0.07867189,0.0018352941,-0.014173966,-0.07386006,0.021042734
0.25135463,-0.028126895,-0.010656513,0.0154163055,-0.117172934,0.040530115,-0.0022022724,0.038257077,-0.053542368,-0.005108319
0.25617534,0.016986072,-0.036783334,0.016579539,-0.10068893,0.05329582,-0.029668607,0.019419448,-0.12305829,-0.015904436
0.28171402,0.009855866,-0.025114097,0.02459941,-0.063484006,0.07368836,-0.031338625,-0.028612178,-0.120458335,0.013575137
0.26453143,0.015708089,-0.021117866,0.03928993,-0.057784244,0.03503637,-0.006634973,0.03871131,-0.08778976,-0.003447134
0.25394732,0.012991428,-0.04623571,0.060221095,-0.07973776,0.053323165,0.00235077,0.031153062,-0.118427485,-0.00086920336
0.26175958,0.014502823,-0.077384464,0.091560066,-0.07867098,0.02265945,-0.009687513,0.0045974106,-0.061282188,-0.01036031
0.28061247,0.026980817,-0.11316158,0.081665695,0.014496656,0.04575135,-0.038948856,0.039726734,-0.029580552,-0.022416882
0.23535298,0.02744335,-0.11967337,0.0952615,0.048182763,-0.0018957183,-0.049249582,0.05323098,-0.020048633,-0.016965494
0.2827723,-0.0044313967,-0.09701132,0.07078119,0.033582006,0.020216107,0.0115798935,0.05747485,-0.0046129823,0.030692067
0.28034973,0.0019664764,-0.12649417,0.090621576,0.017654352,0.040064275,0.00012482703,0.056659583,-0.031959325,0.0057525076
0.24904083,0.041615427,-0.18906768,0.0913129,0.06076157,0.0056892037,-0.03619898,0.023675043,-0.095161416,-0.017925536
0.25471103,0.030717313,-0.18221834,0.12010578,0.03927162,0.009143695,-0.029638313,0.038207747,-0.068444654,-0.018846488
0.2448958,0.03134024,-0.15099853,0.091368474,0.014764333,0.0015257746,-0.03367468,-0.0313395,-0.07191018,-0.05808825
0.24639733,0.0347625,-0.16892333,0.12422736,0.040342763,-0.01242473,-0.0071838275,0.009372648,-0.028774828,-0.04015902
-0.18011546,-1.1479752,-0.19937822,-0.12718341,-0.014349589,0.05117546,-0.05672285,0.015231336,0.010764644,0.030283716
0.25887656,0.012919724,-0.15890406,0.10680759,0.005430948,-0.03087771,0.0030791238,0.019136569,-0.020095598,0.0600294
0.24109001,0.061384678,-0.16336183,0.060829666,0.03810565,0.02210942,-0.026705638,-0.00791705,-0.06414236,-0.0431779
0.22391699,0.043807983,-0.17221014,0.059948493,0.0008291993,0.004729256,-0.0014217943,-0.0043743104,-0.034494806,-0.06477413
0.29252058,0.02260983,-0.12567063,0.09183444,0.06793783,-0.033691876,-0.0058368146,-0.03380907,-0.027116068,-0.114550635
0.29646134,0.018388331,-0.1424895,0.10343076,0.044120252,-0.03614527,-0.015868261,-0.030582208,-0.044256844,-0.084446125
0.20681883,-0.1534065,-0.08137137,0.02233953,0.038503144,-0.22680864,-0.011452861,0.17338382,0.0680578,-0.05347789
0.21413441,-0.102783084,-0.09041793,0.011649612,-0.03031736,-0.214998,0.02205307,0.1291367,0.06694893,-0.13369441
0.23583637,-0.056215763,-0.09853512,0.020503815,0.014318254,-0.17676093,0.02389457,0.04013251,0.056850113,-0.07643458
0.2378688,0.05325395,-0.16093351,0.08745684,0.03441549,-0.023995094,0.0016615614,-0.06692566,0.030208133,-0.06298061
0.23217015,0.048624337,-0.15764892,0.074424125,0.056164406,-0.052160963,-0.07612187,-0.039430257,-0.032612637,-0.04678962
0.26514864,0.047548592,-0.16364124,0.09843625,0.057784267,-0.028442532,-0.054025814,-0.04200292,0.004786305,-0.07821673
0.15410839,0.055673957,-0.17091863,0.0472456,0.017767897,-0.071491204,-0.09210728,-0.09428315,-0.008955359,-0.042927373
0.14709933,0.046208322,-0.1749195,0.053340517,-0.008305894,-0.049460106,-0.108118236,-0.088050336,0.004716508,-0.011042699
0.14046083,0.03991276,-0.17087868,0.061933342,0.00634161,-0.05599218,-0.11319031,-0.09138404,0.025058918,-0.026886549
0.16318612,0.05055493,-0.13051398,0.029226426,0.003826104,-0.05906976,-0.09392153,-0.113327265,0.016392909,-0.024784058
0.16898309,0.051496208,-0.15513109,0.11412455,0.047532126,-0.044386484,-0.09563139,-0.07559998,0.0068522394,-0.022220429
0.11679198,0.06479758,-0.2129475,0.111132935,0.10247142,0.028966948,-0.15967168,-0.06061637,0.004726954,-0.09726616
0.12723546,0.0457865,-0.24935648,0.12597543,0.10710121,-0.01142513,-0.1357957,-0.017880127,-0.022845238,-0.115538314
0.14023544,0.047633946,-0.20080785,0.10495196,0.10304821,0.028937772,-0.15584992,-0.077074334,-0.014682315,-0.07520037
0.13678055,0.056827843,-0.2070955,0.108515784,0.12614933,0.0020049661,-0.16537161,-0.055614453,-0.02037995,-0.07635991
0.14422165,0.06416541,-0.19498925,0.07829931,0.12859982,0.020331204,-0.12104118,-0.042134922,0.016907044,-0.07072092
0.14285012,0.054804385,-0.1926842,0.08758004,0.106427796,0.017159417,-0.14805117,-0.05512147,-0.01805953,-0.08366604
-0.16543457,-0.040040076,0.018073171,0.2946341,0.14309402,-0.149854,0.07551738,0.08645466,-0.24988818,-0.07281706
0.12848814,0.049835086,-0.18450075,0.0853948,0.11947637,0.01362744,-0.14753911,-0.051969457,-0.0052833036,-0.09571358
0.1186585,0.08035028,-0.20126888,0.10733435,0.114308625,-0.007175952,-0.08887069,-0.07598111,-0.0059219673,-0.07681605
0.119727924,0.07703155,-0.16448686,0.0867227,0.11639209,0.004931584,-0.07826881,-0.043010037,-0.033086997,-0.0780143
-0.1690772,-0.03646514,-0.057461493,0.06116003,0.05712773,-0.03829676,-0.052575245,0.013627889,-0.054561086,-0.026636988
0.20657758,-0.046557575,-0.084739275,0.09311506,0.0003347844,-0.17392959,-0.024945453,0.15108049,0.021028906,-0.052809738
-0.24716276,-0.23546118,0.11639523,0.23058541,0.26758537,-0.27479517,0.2322288,0.23026574,-0.22342369,-0.1846643
-0.13351393,-0.03887981,0.15530206,0.113687545,0.11737839,-0.06645644,0.084686115,-0.035799745,-0.23133078,-0.06624758
-0.22519316,-0.14795652,0.13603264,0.23701,0.1761296,-0.19973621,0.18553273,0.13927467,-0.24252081,-0.21040355
-0.023237586,-0.13442206,-0.007015059,0.07124753,0.042445377,-0.17590973,-0.08417478,0.12332483,-0.030071955,-0.030068045
-0.024423271,-0.11543992,-0.016817916,0.07318787,0.052134246,-0.13544406,-0.08685486,0.11956376,-0.01727688,-0.039531182
0.07423614,-0.18473476,0.012941992,0.05999013,-0.000123607,-0.2482303,-0.040048055,0.19453728,-0.015762333,-0.0063412637
-0.066329405,0.010997176,0.07736717,0.056329217,0.08046237,-0.080063246,-0.06679702,-0.10617414,-0.18374163,0.05641562
0.097375885,-0.1512593,-0.06440237,0.08104639,0.033395384,-0.16114601,-0.02988121,0.11975564,-0.046208527,0.018054206
0.083799645,-0.15160957,-0.054531597,0.055085685,0.027859343,-0.15729034,-0.02983591,0.115186065,-0.04929087,0.017436571
0.087258354,-0.15175661,-0.06296616,0.068219736,0.037119254,-0.16149208,-0.030440807,0.103968024,-0.045326985,0.014197931
0.059234098,-0.1683653,0.022971872,0.039253782,0.016683811,-0.20975628,-0.044359207,0.14763577,-0.068925865,-0.006653663
0.06907968,-0.17164028,-0.019995555,0.048458524,0.022382597,-0.19382122,-0.040702164,0.14242178,-0.08473482,0.032766547
0.057378963,-0.1531966,-0.014056645,0.006535854,0.054120667,-0.19345066,-0.04000441,0.10063982,-0.06932409,0.033463623
0.04318373,-0.10941389,-0.06401471,0.05142213,0.03209904,-0.13352607,-0.043677695,0.106680304,-0.061900876,0.025225814
0.07535185,-0.05850342,-0.086968094,0.04699713,-0.011384724,-0.09945406,-0.0049825385,0.12937374,-0.04414826,0.026840623
0.0391645,-0.10470396,-0.034857217,0.042077303,0.04519983,-0.1247238,-0.029560074,0.06578396,-0.06436397,0.025226858
0.03862594,-0.13149086,0.011961018,0.09573616,0.026774209,-0.17556123,-0.0004208237,0.18663386,-0.104476035,-0.012743473
0.08850385,-0.1396361,6.850995e-05,0.056136716,0.032838102,-0.17577809,-0.037886307,0.100084215,-0.12128649,-0.023970973
0.123855546,-0.17497551,-0.021425474,0.069818564,-0.015439177,-0.22411317,-0.011622235,0.043587204,0.007025078,0.05362193
-0.18814765,-0.120585084,0.15185574,0.12211511,0.08503004,-0.06865215,0.056205418,-0.1588974,-0.15674077,-0.10268171
0.0076258183,-0.12862566,-0.06962243,0.10744232,0.06587863,-0.13479327,0.016808558,0.049374826,0.07153682,-0.0157714
0.081081495,-0.14443523,-0.019910593,0.08482609,-0.0021420103,-0.14179662,0.08864239,0.12631698,0.032401398,0.017426811
-0.006024435,-0.15864184,-0.029591903,0.09121324,0.06798641,-0.14046839,0.04235004,0.06709221,0.06366771,-0.0480336
-0.013537675,-0.13491035,-0.00064589456,0.08185453,0.070417754,-0.11167379,0.050892778,0.051418003,0.01563833,-0.035549387
-0.03568852,-0.14877042,0.03457174,0.08356456,0.10997451,-0.11415726,0.02419493,0.034535117,-8.27536e-05,-0.041862253
-0.00086179376,-0.09968838,-0.128155,0.09978114,0.0844194,-0.07899709,0.0024907365,0.07827692,0.06569817,-0.04840579
-0.011040524,-0.101545155,-0.10621877,0.09565224,0.08119915,-0.08621676,0.0056048073,0.053590074,0.048341222,-0.025100257
-0.043619096,-0.046167612,-0.121280596,0.08237334,0.056141965,-0.063048005,0.0254919,-0.017373525,0.033230245,0.010815673
-0.01992549,0.051127374,-0.109866664,0.079339325,0.10317613,0.02406168,0.022173118,-0.03647096,-0.04385686,-0.053320274
-0.026146665,0.045702994,-0.12152699,0.07621338,0.09543416,0.007022664,0.03469578,-0.032196034,-0.04207135,-0.02184607
-0.002544269,0.036909223,-0.14931542,0.08243692,0.07952625,0.028535008,0.03558147,-0.032070454,-0.022758637,-0.042366162
-0.00572668,0.050126076,-0.13605392,0.089652434,0.07872505,0.033157557,0.058491874,-0.01942553,-0.020546101,-0.008501746
0.0052113086,0.04227549,-0.1396009,0.07140957,0.07927255,0.043585733,0.05745042,-0.023093324,-0.030899301,-0.018512359
0.00034865737,0.038101375,-0.1359136,0.102134645,0.068248846,0.042015344,0.05121844,-0.014274027,-0.017995376,-0.039434474
0.01189369,0.054073215,-0.12950729,0.07991035,0.07174842,0.023570895,0.061359353,-0.013196286,-0.00913135,-0.025381923
-0.06214267,-0.0010856092,-0.15999866,0.010827012,0.061198987,0.031570584,-0.023843944,-0.12106325,0.0037328526,-0.025503263
-0.07381904,-0.0110351145,-0.17379771,0.022117373,0.057322755,0.050247386,-0.03853623,-0.12230368,-0.002306968,-0.015496109
-0.06676376,0.004906118,-0.20313805,0.038476683,0.06727901,0.04887204,-0.0128818825,-0.10193923,-0.014556572,-0.033947498
-0.06422049,-0.00050240755,-0.19227487,0.061601095,0.077567585,0.028241172,0.010670997,-0.11620024,0.020700157,-0.034176603
-0.06628238,0.011931062,-0.18410401,0.016618665,0.075486585,0.05750096,-0.02396319,-0.13263808,-0.010832645,-0.044906072
-0.06518909,-0.015640646,-0.17898534,0.03492733,0.090158805,0.0589792,-0.031280905,-0.113282144,-0.008487977,-0.013055317
-0.06873895,0.0031313896,-0.14430344,0.052733276,0.07739472,0.0816174,-0.035574958,-0.14669883,-0.018155772,-0.03445409
-0.08282522,0.0005517602,-0.14689614,0.06550887,0.07672196,0.06583479,-0.044783436,-0.15103105,-0.01056698,-0.028600339
