prev_hawkishness,prev_uncertainty,prev_concern,is_crisis,is_hiking,is_post_covid,chair_bernanke,chair_greenspan,chair_powell,chair_yellen,q_1,q_2,q_3,q_4,treasury_2yr_level,treasury_10yr_level,vix_level,dxy_level,breakeven_5yr_level,hy_spread_level,treasury_2yr_trend,treasury_10yr_trend,vix_trend,dxy_trend,breakeven_5yr_trend,hy_spread_trend,treasury_2yr_vol,treasury_10yr_vol,vix_vol,dxy_vol,breakeven_5yr_vol,hy_spread_vol
-0.22279021,-0.009766367,-0.25217357,-0.0028304951,-0.020069698,0.0,-0.0021914225,-0.023840105,-0.00023230625,-0.0016414629,-0.14227913,-0.0026665682,0.00017132728,-0.010507918,-0.079963654,-0.35178396,-0.05047892,0.0361093,-0.035415534,0.0,-0.0007805447,-0.05664725,-0.105173245,-0.020274334,-0.043213416,0.0,-0.14497083,0.006343112,-0.054989222,-0.024227759,-0.068363845,0.0
-0.024797626,0.056688473,0.29958466,0.0035112605,0.0011148857,0.0,0.00135678,-0.008177979,-3.994493e-05,0.0020562555,-0.012460641,-0.0020980178,0.012438027,-0.0057734773,0.67087024,0.056011014,0.16626532,0.13377479,0.033125214,0.0,0.12977317,0.12673204,0.09448661,0.104346514,-0.018930452,0.0,0.044015408,-0.0101693105,0.22831045,0.1013721,-0.025621802,0.0
0.63567054,0.06495628,-0.033162948,0.0022541184,-0.024821866,0.0,-0.0035418149,-0.041184504,-0.0001512738,-0.00050734344,0.019009227,-0.004769068,-0.002073929,-0.0065805633,0.0980219,-0.052854624,-0.30080187,0.013159119,-0.019445142,0.0,-0.09654017,-0.07367198,-0.021657363,-0.016628252,-0.03497034,0.0,-0.053788777,-0.111134596,0.0062215575,0.027438965,-0.038629364,0.0
-0.061706953,0.0046162303,-0.102262706,0.0016017639,-0.021563299,0.0,-0.0038349917,-0.013955404,-0.00012757539,-0.0005662321,0.022726664,-0.0059202006,0.0003602304,0.0200124,-0.026477715,-0.04967451,-0.42613035,0.040670305,-0.029880758,0.0,-0.09077895,-0.095360264,0.005764064,-0.08729407,-0.034929797,0.0,-0.073193476,-0.04221092,-0.00020894286,0.006745454,-0.039451104,0.0
-0.49279845,0.0019016317,0.19892165,0.0019500328,-0.012403872,0.0,-0.0025995837,-0.005222982,-9.206333e-05,0.0012080319,-0.00022891272,-0.009266281,0.0018702166,0.017464131,-0.028606303,-0.051495936,-0.487879,0.09557523,-0.0045007174,0.0,0.03402326,0.029539796,-0.050650112,-0.076236784,-0.037299607,0.0,-0.0654843,-0.030136522,-0.017634828,-0.054155994,-0.036633164,0.0
-0.2582182,0.051994815,-0.03438185,0.0038276603,-0.01512386,0.0,-0.0040991567,-0.005563,-0.0001282607,0.000830231,0.027356043,0.011934864,0.008115666,-0.01241646,0.43049487,-0.05154487,0.022316795,0.084425606,-0.008800512,0.0,0.094451934,0.14141046,0.058735345,0.060502876,-0.02353727,0.0,-0.014324908,-0.019263132,-0.042018056,0.0954635,-0.02902464,0.0
0.19620597,-0.025199343,0.17032605,0.00091607403,0.019983783,0.0,-0.0013527755,0.0026002266,-0.000104307896,-0.00039563054,0.017453887,0.0069776457,0.002903712,-0.013037389,0.34220472,-0.08182952,0.016931035,-0.21021049,0.017049685,0.0,0.026771909,0.076421395,-0.07295111,0.02825386,-0.023166325,0.0,0.004398072,-0.02292961,0.044281423,0.045382306,-0.035841014,0.0
0.21642716,0.037466478,0.17247109,-0.0003637284,0.021812456,0.0,-0.0024412945,-0.009937581,-0.00012436381,0.0008913975,0.022488998,-0.0025437456,-0.008784013,-0.004373474,0.30224875,-0.10785246,0.029893953,0.063521236,0.008619023,0.0,0.020247916,0.06253766,0.024137141,-0.0072831833,-0.021063505,0.0,-0.007389252,0.0069250315,0.038664494,0.03325625,-0.025729759,0.0
0.3148582,-0.100661315,-0.15740228,-0.0003807604,0.015326107,0.0,-0.0053102933,-0.024479443,-0.00012646259,-0.00060900045,0.020872768,-0.006313641,0.00074817415,0.01508307,0.2763489,-0.20638011,-0.017277472,0.0060692737,-0.028501151,0.0,-0.0010623111,0.0077063544,-0.059997495,-0.03960603,-0.029531235,0.0,0.014094355,-0.0012865486,-0.03650917,-0.021630708,-0.039570376,0.0
-0.026930552,0.028964156,0.19049664,-0.0007797633,0.016047524,0.0,-0.0023749843,-0.012198922,-0.00010542068,-0.0007325967,0.014020659,-0.0015171411,0.00428398,0.020981649,0.3708177,-0.09446535,0.046218656,0.06596746,-0.007925349,0.0,0.008020901,-0.013157755,0.028933635,0.008452895,-0.023377795,0.0,0.024698608,-0.003136181,-0.026924163,-0.01391363,-0.039807457,0.0
0.14239635,-0.011857865,-0.05513799,-0.0005216657,0.033292446,0.0,-0.0026161575,-0.009011946,-0.000104307896,0.0018894708,0.030759478,-0.0028281617,0.0028109574,0.024259305,0.29358014,-0.10009135,0.017297134,-0.028998563,-0.009172305,0.0,-0.01718165,0.02593404,0.030233437,-0.024112254,-0.026797077,0.0,-0.034076452,-0.025466524,-0.039531574,-0.028053444,-0.034718294,0.0
0.00016591744,-0.028453356,0.22355494,-0.00074539415,0.008869099,0.0,0.00080567214,0.0042771213,-0.000106304484,0.0028129143,-0.055261243,-0.0022739917,0.0057023936,-0.0057241996,0.4568158,0.037454356,0.06751572,-0.09223362,0.0154719725,0.0,0.029133372,0.059842188,0.036682587,-0.02864365,-0.01454947,0.0,2.9916642e-05,0.007896513,-0.0054277224,-0.0030740527,-0.02737137,0.0
0.2275518,0.081475966,-0.11401829,-0.00060343003,0.044192757,0.0,-0.0009785626,0.0018113225,-0.000104307896,-0.0006174101,-0.06528168,-0.0034358122,0.0031090046,-0.011147246,0.45722744,0.027455704,0.07143648,-0.18827105,-0.018518364,0.0,-0.01796913,-0.013929532,0.075710766,0.04569302,-0.032715738,0.0,0.025240317,-0.001789934,0.0077112173,0.0060595106,-0.03699844,0.0
0.27944952,0.08720517,-0.080191426,0.0075562424,0.042577554,0.0,-0.0013000816,0.0041674944,-0.000104307896,0.0010169816,0.027032608,0.021481153,0.0024496967,-0.0064256955,0.4367372,-0.028904581,-0.16538952,-0.1263568,0.008888024,0.0,0.044828203,0.1000106,0.045438927,0.028325848,-0.03129595,0.0,-0.0133743575,-0.0397209,0.028904406,0.038043473,-0.027384516,0.0
0.061013736,-0.083300374,-0.15317734,-0.00011307402,-0.018748019,0.0,-0.0011083618,-0.0073297005,-0.00012646259,-0.0003362338,0.013770615,0.008179201,0.0012843821,-0.015006104,0.2558516,-0.14244099,-0.042573396,-0.28605235,-0.038348116,0.0,-0.15558317,-0.10140283,-0.062912904,-0.11784372,-0.029173814,0.0,-0.018687706,-0.07552498,-0.086201765,-0.005748082,-0.04544736,0.0
-0.40092343,-0.026197031,-0.033802744,-0.00020801058,-0.0049259313,0.0,-0.0002140216,-0.0020789956,-0.00010520652,-0.00043198833,0.012532912,-0.0022785643,-0.023983233,-0.012293846,0.45643613,-0.12164791,0.04471035,-0.28224757,-0.026820699,0.0,-0.018866219,-0.061098307,0.001816576,-0.011334465,-0.029373761,0.0,0.015983323,-0.0100526335,-0.007965189,-0.035297688,-0.046373792,0.0
-0.34683576,0.04217029,-0.03293105,0.00022654541,-0.001155238,0.0,-0.0014757311,-0.00028047114,-0.00010115434,-0.0008687116,0.014485092,-0.00084465125,0.009241497,0.046557963,0.55058134,-0.06267666,0.079272136,-0.12038813,-0.028827716,0.0,-0.015086492,0.061930384,0.04132919,-0.0024250646,-0.030350694,0.0,0.029066443,0.08333115,-0.0058335806,0.035152975,-0.040805764,0.0
0.19914936,0.0008334602,0.0011927338,0.00079549506,0.0026578857,0.0,-0.0019545837,0.0073253773,-4.1875788e-05,-0.00033771744,0.031046059,-0.0014531855,0.002920311,0.05153843,0.60564095,-0.020758308,-0.02003914,-0.053898785,-0.020038055,0.0,0.027983213,0.03782131,0.048482038,0.09243385,-0.01733759,0.0,0.06900825,0.08282747,0.085900754,0.016297488,-0.03069112,0.0
0.5641612,0.0687195,-0.044347297,-0.0005226365,-0.020370282,0.0,-0.0016387814,-0.05606121,-0.00015337257,-0.00060155103,0.01208075,-0.0033431505,0.0016932846,0.03512843,0.3295286,-0.06053339,-0.12419286,-0.18933038,-0.019968087,0.0,-0.11123097,-0.124439806,0.025309434,-0.044254553,-0.032658387,0.0,-0.046972107,-0.0969058,0.0006610772,0.0026873339,-0.03856668,0.0
-0.07488781,0.0071518985,-0.18708476,0.00027637483,-0.015721189,0.0,-0.0025322917,-0.0056903185,-0.00012845919,-0.00082771655,-0.074564986,-0.0062334104,0.0007884675,-0.011197615,0.14666675,-0.098204434,-0.3448322,-0.17274901,-0.020743303,0.0,-0.08941066,-0.102382444,0.006697623,-0.08863594,-0.03665926,0.0,-0.05532962,-0.05302888,-0.023231871,0.031092534,-0.0423497,0.0
-0.5399915,-0.04937528,-0.05802647,0.0029320784,-0.013533658,0.0,-0.0004208265,0.0012228441,-7.201134e-05,-0.0006184801,-0.052232508,-0.0037658943,0.001506528,-0.010295312,0.06150136,-0.0838953,-0.25586012,-0.22007406,-0.034773428,0.0,-0.015104762,0.024107518,-0.021675605,0.04565974,-0.037750073,0.0,-0.056441884,-0.0048972066,0.014144894,-0.0364128,-0.037037965,0.0
-0.5448037,-0.03682493,-0.07619459,-0.0031469888,-0.01254625,0.0,-0.0005782057,0.0037374839,-0.000106105996,0.0003375858,-0.055423036,-0.004059179,0.001783168,-0.01414277,-0.037030153,-0.08256565,-0.15740827,-0.26543567,-0.027641872,0.0,-0.033321314,-0.05932964,-0.090113126,-0.048723154,-0.034674834,0.0,-0.066316016,-0.023012295,-0.009529656,-0.026397366,-0.043640587,0.0
-0.5520283,0.023144266,-0.09033224,-0.0076208785,-0.015871901,0.0,-0.00033190206,0.0009976067,-0.000104692976,-0.00014539014,0.017239416,0.016460694,0.001654324,-0.00849504,-0.019846456,-0.08047119,-0.34174618,-0.20942967,-0.035140317,0.0,-0.0232766,-0.0017946332,0.015018826,0.00017832298,-0.03631207,0.0,-0.035554998,-0.012619034,0.00942345,0.013731884,-0.030668458,0.0
-0.5220924,0.041172266,-0.05256056,-0.0064926073,-0.016003381,0.0,-0.0008269383,0.0026765452,-9.8403434e-05,-0.00021045902,0.01670357,0.010328436,0.0014834676,-0.011027733,-0.019522432,-0.0782539,-0.20501933,-0.18755922,-0.030208921,0.0,0.011876174,0.048704732,-0.019529011,0.025364308,-0.03807328,0.0,-0.014921255,-0.024576107,0.017678019,0.08434903,-0.033718087,0.0
-0.49950576,0.0312532,-0.15203488,0.0026330778,-0.015906772,0.0,-0.0011219755,-0.001202483,-0.000106105996,0.00096029893,0.014119823,0.009457172,0.0018863282,-0.014917052,-0.03944697,-0.12665875,0.008768181,-0.31469226,-0.034203485,0.0,-0.0114362035,-0.04136331,0.014866128,0.019841686,-0.02975416,0.0,-0.029208496,-0.0065621724,-0.014028618,-0.05216141,-0.04288569,0.0
-0.49033904,-0.03764214,-0.13764445,-0.0020743506,-0.012215698,0.0,-0.0005095668,-0.0022440061,-0.00012736121,-0.0007202504,0.014040462,-0.0050455164,-0.0028028795,-0.012922354,-0.04865356,-0.078523085,-0.010331675,-0.28641838,-0.034943756,0.0,-0.012289478,-0.038464732,0.04074425,-0.016444841,-0.03802787,0.0,-0.028285688,-0.0019782772,-0.032408223,0.016008656,-0.03807831,0.0
-0.51614416,-0.043138526,-0.19108504,0.0024377601,-0.012583377,0.0,-0.0004361713,7.24915e-05,-0.00012736121,-0.00061041256,0.017388701,-0.0043935035,-0.004984044,-0.014422041,-0.07960414,-0.11209386,0.02990223,-0.2994085,-0.028685024,0.0,-0.05328788,-0.06025512,-0.11626657,-0.014221868,-0.029894512,0.0,-0.07172276,-0.005308269,-0.019139608,-0.028799525,-0.038850546,0.0
-0.51871705,0.020260828,-0.06243538,0.0008833244,-0.016290652,0.0,0.00017745297,-0.0023704953,-0.00012684768,-0.0005489992,0.015627647,-0.005641081,0.001657389,0.026705537,-0.06945551,-0.074068695,-0.31626904,-0.2352833,-0.029578565,0.0,-0.04924511,-0.04570085,-0.16418087,-0.019733569,-0.037064217,0.0,-0.080175556,-0.0065091643,-0.011552383,-0.047756355,-0.0366518,0.0
-0.56622565,0.025345018,-0.07240594,-0.0006315774,-0.015899073,0.0,-0.00039841753,0.0027626608,-0.00010469297,0.0005502511,0.015959866,-0.006258755,0.0007598475,0.027283655,-0.06592598,-0.06126396,-0.36409417,-0.24968092,-0.041559182,0.0,-0.018721398,-0.034568004,-0.014564873,-0.040966038,-0.041002586,0.0,-0.04655011,-0.013409172,-0.03377881,-0.052184813,-0.04547084,0.0
-0.49512345,0.030324724,-0.110395916,0.001405711,-0.017050803,0.0,-0.0033448625,0.0015477655,-9.0650305e-05,0.0010974007,0.017862298,-0.0036333348,0.0016559737,0.03781936,-0.05486732,-0.059243012,-0.22862907,-0.21300693,-0.013013727,0.0,0.00082578143,0.073359,-0.02654624,-0.009942131,-0.0327042,0.0,-0.062151853,-0.016606253,-0.0011536411,-0.060472794,-0.03534778,0.0
-0.46799752,0.0076447967,-0.06200394,0.0005772961,-0.015644105,0.0,0.00020170648,-0.0013146583,-0.000106105996,-0.00049292314,-0.043761525,-0.003462431,0.0017533016,-0.013754922,-0.046260215,-0.050898768,0.02327554,-0.3032858,-0.025267798,0.0,-0.0139594665,-0.018756734,0.03412213,0.02486643,-0.02354421,0.0,-0.03594251,-0.028748902,0.04788442,-0.040456887,-0.03807949,0.0
-0.49338084,-0.036056593,-0.19710653,0.001057017,-0.017857667,0.0,-0.0009947069,-0.0019383677,-0.0001282607,1.8117566e-05,-0.055378437,-0.0041611157,0.00021185036,-0.014276596,-0.06760535,-0.10859998,-0.06108754,-0.34828848,-0.011066434,0.0,0.00872915,0.043770622,-0.11876376,-0.02449128,-0.03590091,0.0,-0.056238234,-0.034767695,-0.047846317,-0.022157697,-0.039571125,0.0
-0.48372483,-0.06518425,-0.096366584,-0.001977674,-0.0111538945,0.0,-0.0005095668,-0.004738457,-0.00012684768,-0.00036153098,0.018530613,0.006216933,0.0009364196,-0.012328532,-0.050780587,-0.21656929,0.05463979,-0.33867335,-0.028900081,0.0,-0.045781463,-0.06437781,-0.019480217,-0.052754343,-0.03746494,0.0,-0.022685535,-0.041569058,-0.062323954,-6.219179e-05,-0.05658257,0.0
-0.45458087,0.015927065,-0.044549838,0.0013214927,-0.014837353,0.0,-0.0005095668,-0.0006580024,-0.00012684768,-0.0005365389,0.02028635,0.013219666,0.0009837939,-0.013236791,-0.057295993,-0.054635905,0.03857918,-0.2718853,-0.027535636,0.0,-0.0383479,-0.0023698653,-0.042084415,0.025402175,-0.021957228,0.0,-0.016310953,0.009725314,0.017854001,0.056481905,-0.038265493,0.0
-0.5120512,-0.051614873,-0.1347195,0.0062298486,-0.013260792,0.0,-0.0008729424,0.0016336171,-0.00011873276,0.0006100787,0.019493943,-0.008179974,-0.0057925866,-0.008341524,-0.06615465,-0.070311114,-0.28106484,-0.23177971,-0.020935057,0.0,-0.045512967,-0.035787933,-0.10157516,-0.020415757,-0.0404388,0.0,-0.053261023,-0.027015386,-0.02506839,-0.017876238,-0.040575806,0.0
-0.48841876,-0.017795179,-0.17481342,0.0014346611,-0.01622913,0.0,-0.00039037463,-0.0035693923,-0.00013947443,-0.0005084418,0.015950706,-0.008662258,-0.0040892162,-0.009877711,-0.06525571,-0.058343858,-0.3000578,-0.22662798,-0.025633942,0.0,-0.029460542,-0.038271133,-0.16771871,0.006208253,-0.03678055,0.0,-0.031041224,-0.036056224,-0.019671882,0.057781518,-0.03422784,0.0
-0.51272786,0.0088556465,-0.078003034,0.0034064003,-0.016346859,0.0,-0.0004566845,0.0012612657,-0.000110516645,4.919389e-05,0.018481897,-0.0079278555,0.0018524906,0.029979818,-0.041874025,-0.06041242,-0.32488912,-0.19210303,-0.012275216,0.0,0.035939552,0.0839628,0.023819396,0.004608796,-0.036394306,0.0,-0.022135627,-0.01480894,0.0153099755,0.0785082,-0.03171187,0.0
-0.58990234,-0.060783617,-0.058311876,0.00021993482,-0.012854827,0.0,-0.0013822974,-0.00018043228,-0.00014178692,-5.414134e-05,0.01897887,-0.008200021,0.001659237,0.02741081,-0.07775832,-0.06905628,-0.3603717,-0.25002477,-0.030343639,0.0,-0.025959194,-0.0049145874,-0.042530473,-0.0030536111,-0.040184803,0.0,-0.039854173,-0.019760031,0.020010756,-0.033539597,-0.042369567,0.0
-0.52805674,-0.04945128,-0.058624484,0.0006220324,-0.014698537,0.0,0.0075603737,-0.0014980498,-0.00014037392,-0.0020930425,-0.07369322,-0.007575375,0.00019505479,-0.007867165,-0.07435631,-0.07474656,-0.41669607,-0.19296551,-0.10181404,0.0,-0.0083549805,0.0017974824,-0.019009816,-0.019524975,-0.016243566,0.0,-0.01901559,-0.013591046,0.009002558,-0.025069246,-0.025952509,0.0
-0.52767795,-0.05612928,-0.11023603,0.006037264,-0.01564521,0.0,0.0050821966,-0.011599425,-0.0001403739,-0.0021201228,-0.064800076,-0.007887116,0.0034461373,-0.008612569,-0.05663336,-0.06571171,-0.48745337,0.047286063,-0.093308575,0.0,-0.024566686,-0.038002536,0.03332231,-0.028605873,-0.018401528,0.0,-0.03067191,-0.011374235,-0.028465766,-0.100612424,-0.0057138847,0.0
-0.5059609,-0.051075157,-0.13077432,0.00042891348,-0.0090840915,0.0,-0.004535339,-0.0103367455,-6.9390735e-05,-0.0012086624,0.023841368,0.007534192,0.0039047408,-0.008336864,-0.043010607,-0.06636754,-0.047991704,0.06272223,-0.0862977,0.0,-0.0058607003,-0.025229927,-0.0030743955,-0.017215492,0.04291755,0.0,-0.0048303716,0.035645925,-0.013771477,-0.019825798,0.030393125,0.0
-0.37690246,-0.010079448,-0.14261736,0.00017743337,-0.016705701,0.0,-0.005273706,-0.01693991,-0.00014178694,-0.00077828695,0.014472816,-6.255362e-05,0.0009919986,-0.010948021,-0.03212255,0.004870478,0.116646476,0.11285557,-0.15241337,0.0,-0.0062544737,-0.021842968,0.021378862,-0.009867146,-0.036240604,0.0,-0.026443368,-0.0101793455,0.11188607,0.072650686,-0.0075347596,0.0
-0.27946162,-0.0032077974,-0.020527339,0.0018474837,-0.012675408,0.0,-0.00217237,-0.0088927485,-0.00011684815,0.0006494727,0.02326721,-0.0011060472,-0.0051568556,-0.008001131,-0.02409768,-0.026637087,0.21794233,0.12342166,-0.04865108,0.0,0.10869172,0.13253827,0.05778645,0.037065048,0.041882057,0.0,-0.022204405,-0.016364302,0.0946584,-0.010174479,0.08158864,0.0
0.28151193,-0.029359473,-0.07073286,0.00035033905,-0.017954763,0.0,-0.0020673978,-0.012284577,-5.3303247e-05,-0.000382138,0.035151552,-0.0014950592,-0.006122094,-0.00922603,-0.004562304,-0.013805071,0.08968056,0.09748514,0.002592354,0.0,0.013830024,-0.04289096,0.07841082,0.05395999,0.02961897,0.0,-0.040204704,0.0016649137,-0.016549362,-0.012515519,0.045719747,0.0
0.27378905,-0.015205858,-0.12289153,0.00015461359,-0.018328805,0.0,-0.0038798605,-0.01569316,-0.00014230477,-3.3484448e-05,0.036995582,-0.0015882793,0.0031005773,0.022140946,-0.001568371,-0.011618756,0.100344285,0.102419816,0.0046416996,0.0,0.010955286,0.045344584,0.0135406,-0.014957577,0.033371814,0.0,-0.042962,-0.0028579573,-0.00919021,0.0057061804,0.045939736,0.0
0.20489767,-0.055068348,-0.06859923,0.00011031615,-0.018191833,0.0,-0.0026812474,-0.01685109,-0.0001232741,0.0004769782,0.036812995,-0.0009033913,0.00037051004,0.017293692,-0.011547686,-0.015408882,0.07504426,0.08065695,0.024078697,0.0,0.014003454,-0.043457747,0.012900817,-0.017723966,-0.026231278,0.0,-0.047928583,-0.02154247,-0.00038936787,-0.0055191666,0.008647018,0.0
-0.008323777,-0.034388922,-0.035865083,-0.00012614996,-0.014189993,0.0,-0.0022655195,-0.020987969,-0.00030038034,-0.0007001103,-0.07453067,-0.0013582271,0.0012682455,-0.008205787,-0.009672013,-0.01557759,0.12142553,0.07817871,0.031072604,0.0,0.002967984,-0.0074459375,0.044556215,0.013964191,-0.02137121,0.0,-0.016664216,0.0007910075,-0.011944982,-0.01499117,0.021902286,0.0
-0.0111331865,-0.01260351,-0.041355148,-0.0025869177,-0.013005878,0.0,-0.007215962,-0.014552067,-0.00027822566,-0.0005213015,-0.0913465,-0.0013307405,0.003521832,-0.008323086,-0.009448478,-0.0009251471,0.11591992,0.06537051,0.19404514,0.0,0.00088150543,-0.041875236,0.017843718,0.0024105662,-0.03609031,0.0,-0.015676768,0.012283371,-0.016421579,-0.0047829165,0.0036814634,0.0
-0.046585668,-0.041530777,-0.027308902,-0.0032730633,-0.009724187,0.0,-0.0033020354,-0.012963531,-0.00027822566,0.0012621973,0.029193532,0.0051570213,0.00061804,-0.01318245,-0.032724883,-0.019121386,0.11131564,0.046862047,0.08629007,0.0,-0.022980187,0.034659255,-0.045908198,-0.025747096,-0.08122326,0.0,-0.050226983,-0.06326878,-0.019539429,-0.036194257,-0.035682365,0.0
-0.06986597,0.03766836,0.0003223619,-0.00241808,0.018641721,0.0,-0.0105991885,-0.015562354,-0.00019524818,0.0009547327,0.02653778,0.010030464,0.00091515575,-0.005070778,-0.020194307,-0.027704405,0.08788538,0.05221304,0.24646996,0.0,-0.027434517,-0.036770508,-0.02444364,0.0055323867,0.05646279,0.0,-0.016865566,0.023399755,-0.0059835003,0.010193157,-0.028561715,0.0
0.011860259,-0.06825875,-0.040078472,-0.0004805086,-0.0006118574,0.0,-0.0043494566,-0.01913305,-0.00021332379,-0.00045344644,0.03495046,-0.0025180303,-0.0063569145,-0.008807146,-0.021531122,-0.0073134005,0.091230825,0.045989394,0.09407281,0.0,0.00039780996,-0.033653136,-0.015614527,0.0075497674,-0.04114968,0.0,-0.036254905,-0.014740007,-0.017691636,-0.019220399,-0.007341001,0.0
-0.07847021,-0.065486304,-0.021199804,-0.003793872,-0.0021101187,0.0,-0.0031310134,-0.016522732,-0.00025627186,-0.0016750281,0.030087836,-0.0044368724,-0.008025531,-0.009107669,-0.02466589,-0.020923847,0.082008265,0.047509175,0.12457943,0.0,0.000490189,-0.019187532,-0.0396135,0.023390105,0.033999268,0.0,0.03652228,0.0083179865,-0.038069073,0.021802543,-0.044092305,0.0
-0.03369559,-0.061253835,-0.043154553,-0.0037681416,-0.00087782356,0.0,-0.006304747,-0.016279984,-0.0002363741,-0.0004155695,0.031113561,-0.0029196944,0.0027361806,0.013252353,-0.020643182,-0.004205003,0.10893815,0.051514987,0.14427388,0.0,0.016827198,-0.05054311,0.019592993,-0.034365382,0.01748374,0.0,-0.0040454124,0.018184481,-0.023676645,-0.017333426,0.028626055,0.0
-0.07328055,-0.06944355,-0.026043044,-0.004247082,0.0027240997,0.0,-0.012243766,-0.013912618,-0.0002372579,0.0014134905,0.025786765,-0.0071864724,0.000536212,0.014566506,-0.03412049,-0.009318671,0.10662397,-0.01847609,0.068741396,0.0,-0.048139073,0.01453594,0.028191097,-0.024374269,-0.04829514,0.0,-0.03685596,0.006599442,0.025736101,-0.026799984,-0.03441174,0.0
-0.07908851,-0.07329354,-0.021371026,-0.003582412,0.011508435,0.0,-0.008915736,-0.009711784,-0.00017309349,0.0032685366,-0.08121201,-0.005450694,0.0014158285,-0.0044011115,-0.012631811,-0.010196492,0.10273837,-0.021151664,0.18572277,0.0,-0.019520026,-0.025030777,0.035200417,-0.006138695,0.015938915,0.0,0.0028449253,0.055535674,0.014505199,-0.027703647,0.00011697725,0.0
-0.09258885,-0.054121643,-0.03861454,-0.0032473493,0.025804462,0.0,-0.015580107,-0.0128756035,-0.0002372579,0.0040305923,-0.09165267,-0.0063004023,0.002711787,-0.0070759924,-0.0064302534,-0.009485472,0.094474606,-0.026101325,0.116242945,0.0,0.033015855,0.053615008,0.043766435,-0.010882639,-0.013906733,0.0,-0.032420352,-0.0544962,0.02892115,-0.03846697,0.01879955,0.0
-0.031263944,-0.053805456,-0.012317378,-0.0018557797,0.015544482,0.0,-0.01013776,-0.011900095,-0.00020019984,-0.00066896656,0.023937235,0.008929777,0.0015648596,-0.007996368,-0.009576342,-0.011183138,0.09738231,0.06405757,0.22066523,0.0,-0.01834124,-0.027054006,0.01318936,0.008092448,0.025096927,0.0,-0.01319811,0.008380779,-0.0124150375,-0.0032741455,-0.028925126,0.0
-0.099305786,0.048248414,0.0054063126,-0.0021694093,0.014551088,0.0,-0.010559853,-0.0006724087,-0.00017892894,-0.00023247705,0.044785216,0.010616603,0.0013053825,-0.0074115214,0.006817823,-0.008434167,0.08393902,0.05975244,0.33041045,0.0,0.029303279,-0.024855323,0.062063888,0.020605933,0.06651744,0.0,0.05833778,0.022774208,0.08090875,-0.014326092,-0.020737283,0.0
0.30651337,0.012745253,-0.03764155,-0.00029041787,0.024366606,0.0,-0.0038241465,-0.012592671,-0.00023316254,0.0028731388,0.03407463,-0.0011677599,-0.0064890105,-0.0079904245,-0.005709088,-0.002375759,0.13552755,0.085500576,0.11678059,0.0,0.008028745,0.03480858,0.020828415,0.010097841,-0.036907833,0.0,-0.041477457,-0.009350507,0.023611872,0.0026267087,-0.005449673,0.0
0.16201995,-0.041385997,-0.037459675,-0.00040841434,0.014494285,0.0,-0.013515982,-0.015889108,-0.0004938623,-0.00022868309,0.02334085,-0.0061028637,-0.015353421,-0.008565262,-0.0145688355,-0.011823933,0.06293498,0.060044814,0.166755,0.0,-0.054592952,-0.02207737,0.00793206,0.003918371,-0.05618873,0.0,-0.04835495,0.0026551816,0.0021269051,0.031144116,0.022440478,0.0
-0.04713407,0.07243308,-0.0025929979,-0.0022247066,0.018545086,0.0,-0.011404978,-0.009864296,-0.00015035516,0.002959514,0.03978904,-0.0022587755,0.0017710191,0.024508296,-0.030772224,-0.0029002086,0.120566085,0.05493472,0.21836068,0.0,0.029271558,0.040671207,0.041645817,0.041704565,-0.016932542,0.0,-0.0066870665,-0.0067866184,0.002603627,0.07787946,-0.0135341855,0.0
0.35225132,0.10016628,0.021821965,-0.00044338993,0.016699702,0.0,-0.010782156,-0.015023931,-0.00019908705,-0.0004232935,0.042616956,-0.0026484353,0.007520845,0.026879467,0.06547779,0.011209631,0.082413286,0.12341286,0.39264667,0.0,0.04409408,-0.0053264783,0.08767594,0.044889677,0.14212301,0.0,0.0715827,0.039690044,0.043220457,0.07346636,0.14488305,0.0
0.8836696,0.011576635,-0.08678379,-0.00019090544,0.025695438,0.0,0.014873101,0.010356004,-0.00023353886,-0.00080245314,-0.07460245,-0.0035628278,0.007150639,-0.00597725,0.037458643,-0.013522433,0.15704156,0.0843704,0.14366907,0.0,0.03023395,0.030476866,0.026045283,-0.00697554,0.0056385472,0.0,0.0692048,0.059381533,-0.0028133942,-0.008744582,0.0061408714,0.0
0.6855435,0.06631968,-0.08791686,-0.0002372231,0.025992032,0.0,0.020107193,0.01603704,-0.0004991903,-0.0007287251,-0.08365619,-0.008318792,0.0017400457,-0.008458711,0.020739414,-0.034684617,0.056171972,0.061226804,0.16014858,0.0,-0.0014793737,0.03322218,0.020479169,-0.02978572,-0.027650064,0.0,-0.06769353,0.0055986154,0.07708382,-0.0011580728,-0.054353893,0.0
0.3688622,0.077742375,-0.004055666,0.0003037572,0.015588017,0.0,0.02384192,0.0086679375,-0.00023526131,0.003230469,0.030307284,0.012209349,0.0012902954,-0.0026569115,0.20991072,-0.042529035,0.12807336,0.08283415,0.18560061,0.0,0.013187395,0.030438025,0.055793233,-0.040359363,0.009370403,0.0,0.048235025,0.00033553666,0.06093622,0.031944476,-0.017700821,0.0
0.73993486,0.08508275,-0.008686503,7.796909e-05,0.012773385,0.0,0.02275822,0.0085784765,-2.685685e-05,0.003459585,0.019596802,0.005800491,0.0025125898,-0.0072140833,0.27074638,-0.035659265,0.0756226,0.09594355,0.22640109,0.0,0.008738981,0.044210337,0.0649303,-0.042503618,0.03515901,0.0,-0.015055064,0.03947026,0.009048892,-0.015535913,0.018603738,0.0
0.8545988,0.10154311,0.003041903,0.0003384911,-0.0001579532,0.0,0.022743396,0.012682897,-0.00020021747,-0.0003635774,0.024277495,-0.0016726071,-0.0053172917,-0.0083327135,0.29978794,-0.044842433,0.09407627,0.105349466,0.33961228,0.0,0.013004363,0.015895225,0.08063477,0.030570291,0.051488664,0.0,0.026695155,0.07132172,-0.0007595001,0.067663446,0.027977789,0.0
0.822117,0.051810276,-0.00508371,-0.00019493984,-0.006517851,0.0,0.02089804,0.009082924,-0.00011331472,-0.00080086564,0.030146942,-0.0037105037,-0.01164818,-0.009696071,0.13259324,-0.01684311,0.098189965,0.08336384,0.33603638,0.0,0.008730433,0.015614752,0.069844276,0.051369637,0.09111365,0.0,0.05664152,0.0580854,0.027917335,0.0051840087,0.089852616,0.0
0.8268938,0.042287227,-0.01950758,-0.00017958444,-0.009886922,0.0,0.012924965,0.011021141,-0.00018016156,-0.00048801585,0.026126035,-0.0025521624,0.003327691,0.029394466,0.11063941,-0.015159065,0.14318451,0.09847837,0.19634058,0.0,0.030656599,0.04434521,0.106958956,0.021551533,0.041030325,0.0,0.022278722,0.07224989,0.094407335,0.045660388,-0.009442354,0.0
0.8771771,0.027855972,-0.011884661,0.00044463013,-0.0075920057,0.0,0.012675068,0.012307466,-0.00023849052,-0.00041928847,0.024635294,-0.0008547654,0.002967056,0.029339243,0.06735135,-0.012814821,0.1808093,0.09795094,0.1811899,0.0,0.007955276,0.0141035775,0.07402182,0.002208765,0.013596017,0.0,0.010708009,0.07123902,0.08955346,-0.011683826,0.0041107996,0.0
0.73814064,0.027074091,-0.035844598,-0.00035644337,-0.0081993155,0.0,0.0124182105,0.010538878,-0.00047703565,0.005179225,-0.08183834,-0.0024810112,0.001586162,-0.009119122,0.09856147,-0.02128281,0.109758005,0.0843266,0.19582245,0.0,-0.066326275,-0.014087575,0.024716523,-0.029420068,-0.0019753682,0.0,0.013507795,-0.00032607547,0.049752563,0.04129328,-0.015011843,0.0
0.646822,0.0019314481,-0.02965437,-0.0002495792,-0.017417401,0.0,0.014577132,0.010661146,-0.00023849052,2.1485073e-05,-0.069144756,-0.00057941274,0.0016269281,-0.010082365,0.03487605,-0.015645057,0.100467004,0.074503385,0.1695735,0.0,-0.017709995,-0.04275405,-0.09235249,0.00801302,-0.06723767,0.0,-0.017474707,-0.010847702,0.018815434,0.049421653,0.012311589,0.0
0.34243602,-0.067503214,-0.019741293,0.00013976089,-0.007975937,0.0,0.00668342,0.0058580753,-0.0001941354,-4.5537614e-05,0.030149203,0.007840006,0.0011933025,-0.007818653,0.034365196,-0.013320949,0.06565405,-0.013450926,0.2759421,0.0,0.017474843,-0.028916646,0.06715956,-0.011966801,0.022361448,0.0,0.040542603,0.03449216,-0.017848331,0.035493642,0.0009083729,0.0
0.19087979,-0.037690856,-0.043561168,0.0005801924,-0.020612026,0.0,0.008513361,0.0020107885,-0.0003099988,0.0027091184,0.03148771,0.004548803,0.0021657837,-0.01322654,0.13724548,-0.019502264,0.062989086,-0.023087308,0.107250884,0.0,0.011441292,0.03460658,0.030155385,0.033529937,-0.026463399,0.0,-0.043993138,-0.15557487,-0.011658241,-0.083392754,-0.027311556,0.0
0.015866123,0.047518145,-0.00932191,-0.0017425719,-0.009522153,0.0,0.0073704775,0.006009351,-7.115546e-05,-0.0002681273,0.03432153,-0.0016340169,-0.0062922467,-0.009347524,0.08519431,-0.1013691,0.06126452,-0.051241294,0.21048294,0.0,-0.06747812,-0.03224272,0.008450425,0.014242352,0.03142999,0.0,-0.0068146437,0.015457448,-0.005714585,0.05682963,0.007423193,0.0
-0.07549701,-0.05046477,-0.25104243,-0.00020413878,-0.016503926,0.0,0.005228461,0.0033954217,-7.147482e-05,-0.00027638525,0.028460635,-0.005906996,-0.01689142,-0.01571062,-0.045949433,-0.13843365,-0.027487343,-0.09706715,0.090755574,0.0,-0.11033888,-0.064660415,-0.40851918,-0.072721556,-0.05204303,0.0,-0.076295726,-0.09167059,-0.08010745,-0.06859116,-0.0072753574,0.0
-0.3976516,0.008654449,0.17669086,0.00219742,-0.014827516,0.0,0.0041743205,0.0023761247,-8.977393e-05,-0.0005302598,-0.004627742,-0.010820676,-0.022168558,-0.008858651,0.013156513,-0.043576494,0.0896135,-0.07313493,0.080328755,0.0,-0.03996809,-0.011964246,-0.22206219,0.029213184,0.035534628,0.0,-0.042170785,-0.044580083,-0.0568509,-0.009007595,0.062112637,0.0
-0.35500965,0.066485025,-0.08603283,0.0021818406,-0.020991074,0.0,0.0071852845,0.004942482,-8.930234e-05,-0.0004531392,0.01594439,-0.00039032116,-0.0050178,-0.010862561,0.010331716,-0.02118631,-0.047360044,-0.033558626,0.0638212,0.0,-0.020762216,0.010344185,0.08311136,0.013832177,0.040867224,0.0,-0.02321788,0.0072374307,0.05642603,0.108128294,0.055147238,0.0
0.001592067,-0.0095861675,-0.016771875,0.00024170693,-0.020318395,0.0,0.004932323,0.0064841444,-0.00012757539,-0.0005952362,0.026414296,-0.0021826653,0.00033069137,0.03161466,-0.009118694,-0.01756676,0.09924524,-0.025865518,0.026904682,0.0,-0.011965359,-0.025029171,0.008271927,-0.001666857,0.026771193,0.0,-0.030720342,-0.015211548,-0.03354252,0.046136566,-0.007143655,0.0
0.042024717,0.023395885,-0.022504307,0.011105362,-0.01291964,0.0,0.0071762237,0.005420387,-9.2284914e-05,-0.00042481907,0.027645605,-0.0015400704,0.005923617,0.04533754,-0.006836476,0.0043712542,0.0018012612,0.044771142,0.2526659,0.0,-0.027687244,-0.033645745,0.07570138,0.027642783,0.10348386,0.0,-0.0049067484,-0.018810157,0.07665915,0.090375066,0.04094203,0.0
0.20208192,-0.0559133,-0.047841918,0.003466358,-0.016273314,0.0,0.0047380794,0.0053432914,-9.028833e-05,-0.0007217774,-0.09046863,-0.0017935418,0.0014368508,-0.010192079,-0.018719142,-0.010191264,-0.016628115,-0.020580973,0.107005455,0.0,-0.09614489,-0.077473246,-0.06860918,-0.0045655956,0.007860417,0.0,-0.0705008,-0.09340466,0.046410266,0.03670184,-0.035843052,0.0
-0.30073103,-0.022647431,-0.12654166,0.0011577146,-0.016114548,0.0,0.006566955,0.0044953534,-9.140112e-05,-0.00037470966,-0.05031417,-0.0017259913,0.0032325154,-0.009883922,-0.023011815,-0.02316531,0.01741009,0.019369237,0.032774698,0.0,-0.035856444,-0.047621425,-0.2053832,0.004301262,0.03982572,0.0,-0.05216137,-0.012888606,-0.029198602,0.078251414,0.03927973,0.0
-0.48997602,-0.06975747,-0.1775827,0.0013300314,-0.0022221168,0.0,0.0046100854,0.0032640568,-0.00014178692,-0.0007308511,-0.048849635,-0.0036031255,0.0029775389,-0.011007812,-0.034543682,-0.041685697,-0.2535248,0.06824924,0.13435066,0.0,-0.03787329,-0.033823695,0.04258634,-0.026101591,0.009310189,0.0,-0.054490067,-0.0073436704,-0.045739464,-0.029682396,0.049341667,0.0
-0.2772132,-0.014612185,0.28095734,0.01568925,-0.0054733315,0.0,0.0043516243,0.0029655716,-3.563243e-05,-0.00077442697,-0.009947244,-0.002433417,0.005902032,-0.0073504113,-0.014313259,-0.0073460597,-0.17610645,0.3517879,0.28068644,0.0,-0.012517539,-0.007966595,0.013294353,0.009592116,0.03636701,0.0,-0.010088754,-0.012081119,0.10972807,0.03769334,0.074904315,0.0
0.20743972,-0.05770217,-0.1611834,0.0033166455,-0.011489431,0.0,0.0049212384,0.00408807,-9.000243e-05,-0.000572173,0.027281338,0.0067536156,0.0008926783,-0.01313493,-0.015574621,-0.003965571,-0.024930427,0.12600064,0.110436745,0.0,0.0059589325,0.015111812,-0.0600901,0.006571448,-0.022531914,0.0,-0.036199927,-0.10373539,0.06567682,-0.009006967,-0.035066403,0.0
0.14041539,-0.012784907,0.013386766,0.015216355,-0.0012633189,0.0,0.015889447,0.003831287,6.548186e-05,0.0008767148,0.036378913,0.0062915073,0.005510716,-0.002942248,-0.007583136,0.013523516,0.14840555,0.2441724,0.4095921,0.0,0.069873445,0.09364611,0.091094896,0.06154984,0.048598755,0.0,0.011157535,0.032134548,0.12024926,0.10058269,0.050069228,0.0
0.81990534,-0.016214555,-0.10470863,0.0030808055,-0.0069857542,0.0,0.01430331,0.010387218,-0.00011938602,-0.00050398073,0.024896232,-0.0026574305,-0.01194949,-0.0062576295,-0.024527248,-0.018212866,-0.0010089073,0.124132,0.32489955,0.0,0.017821783,0.031542145,0.08600338,0.020270903,0.06575362,0.0,-0.01684115,0.044564333,-0.012266692,0.030921778,0.08520021,0.0
0.73841774,0.019562766,-0.11919912,-7.40082e-05,-0.025456008,0.0,0.0057247365,0.010704297,-0.00010647109,-0.00024547416,0.022555938,-0.0015572903,-0.0065554837,-0.008103098,-0.005970158,-0.014168607,-0.0025453689,0.0017038239,-0.021597167,0.0,-0.026061377,-0.061403926,-0.08335791,0.016326636,0.040192854,0.0,-0.023708003,0.0048956783,0.0075236782,0.031212745,0.06855222,0.0
0.21521759,0.013541758,-0.17021702,-0.001570269,-0.021682775,0.0,0.0046415543,0.004630865,-8.165988e-05,-0.0003271263,0.037614256,-0.0018246811,0.00041928535,0.021966843,-0.02609462,-0.025795896,-0.2658735,-0.050805375,-0.14561084,0.0,-0.09496695,-0.055957325,-0.18640423,0.01970015,0.07250185,0.0,-0.07973633,-0.0034008718,-0.04011001,0.0063767806,0.07166039,0.0
-0.49641067,-0.038621362,-0.06058184,-0.005779865,-0.014618733,0.0,0.0045911013,0.0032039967,-8.345798e-05,-0.00037502474,0.019738529,-0.0033467608,0.0008102074,0.023988346,-0.05283939,-0.055628452,-0.3434061,-0.07035668,-0.1116746,0.0,-0.050798364,0.014605517,-0.16461602,-0.015456613,0.09517734,0.0,-0.05402625,-0.04233074,-0.05924999,0.006708672,0.038077332,0.0
-0.50882953,-0.026032021,-0.05544829,-0.00599644,-0.0143838,0.0,0.011437064,0.003516723,-0.00014178692,-0.00052015285,0.017688226,-0.0032130382,0.0026851976,0.023405135,-0.080475844,0.019377444,-0.4299256,0.05320622,-0.11639741,0.0,-0.046739765,-0.009531809,0.014058663,-0.016176414,-0.013746138,0.0,-0.060145948,-0.023438968,-0.008235997,-0.027657924,0.021287486,0.0
-0.4726791,-0.02363283,0.1855812,-0.01634225,-0.008598395,0.0,-0.000822812,0.0027233243,-0.000119632234,-0.0022777382,-0.059207812,-0.005237753,0.0018822788,-0.0072737904,-0.10405285,0.06705692,-0.4847608,-0.06079964,-0.13453394,0.0,-0.013524921,0.02192008,-0.035578243,-0.042463195,-0.024730986,0.0,-0.040763408,-0.039447363,-0.039412983,0.016744385,0.00012152734,0.0
-0.50407475,0.023396876,-0.027701773,-0.0005972969,-0.012841676,0.0,0.013252187,0.0025222343,-8.345798e-05,-0.00044407384,-0.078661785,-0.005048583,0.002996374,-0.009171032,-0.05250232,0.036939483,-0.3110512,0.06915064,-0.116840325,0.0,0.031076994,0.025806136,0.014289171,-0.012910915,0.12915793,0.0,0.084294245,0.014334327,-0.004332029,-0.010236641,0.036156055,0.0
-0.549327,-0.03233888,-0.048936933,-0.015977113,-0.012369473,0.0,0.01401325,0.0041672527,-0.00010558956,0.0008939415,0.03084334,0.014119749,0.003689441,-0.009515355,-0.06028997,0.050142594,-0.38517204,0.040939495,-0.11908845,0.0,0.046108894,0.025965385,-0.0073758736,-0.064518675,-0.038528964,0.0,0.05694744,-0.004586797,0.0071856417,-0.045826472,0.0054933312,0.0
-0.5700364,-0.044004794,-0.119967915,-0.015150838,-0.015237095,0.0,0.0024671014,0.0038173313,-0.00014178692,0.001706068,0.032648556,0.017168067,0.0031899982,-0.008276782,-0.10708365,-0.06406378,-0.46409503,-0.035686504,-0.09586973,0.0,0.043226123,0.044404585,0.013611966,-0.015097306,0.0008751234,0.0,-0.04234634,-0.025088752,-0.042413548,-0.046285346,0.053004827,0.0
-0.61980355,-0.0018296826,-0.057649225,3.4762223e-05,-0.017688071,0.0,0.0028293123,0.0033761929,-0.00014088745,0.0016480071,0.029290466,-0.0040074065,-0.007152839,-0.008746591,-0.100188,-0.07152199,-0.2930603,-0.063167766,-0.1503855,0.0,-0.0366041,0.018510686,-0.054287884,-0.013913158,-0.011674005,0.0,-0.040637445,-0.007657451,-0.014735837,-0.039163418,0.05426741,0.0
-0.57645375,-0.038567077,0.15059198,0.00017091936,-0.0066750543,0.0,0.0039720093,0.0047251415,-0.00014088745,-0.0015074278,-0.0014859491,-0.00508589,-0.017416338,-0.0082608,-0.09659896,-0.06955427,-0.13689679,-0.040789012,-0.14285341,0.0,-0.029089024,-0.035761613,0.024516426,-0.012775269,-0.012623196,0.0,-0.005880086,-0.0055636554,-0.036309775,-0.030390862,0.044588745,0.0
-0.5495318,-0.042904947,0.12406631,0.00033319983,-0.010343125,0.0,0.0038738109,0.0068764114,-0.00014178694,-0.0007089466,0.005724147,-0.0055123772,0.0090279095,0.022339258,-0.085687734,-0.019198598,-0.15226962,-0.051163863,-0.09669207,0.0,0.0057150866,0.012287339,0.011690344,-0.020389717,-0.01390241,0.0,0.026546484,-0.019647745,0.006377259,0.06653198,0.043292288,0.0
-0.53139096,-0.036983203,0.12193143,-0.0007057465,-0.014199019,0.0,0.004901813,0.0014355554,-0.00014178692,-0.0008208015,-0.00010063698,-0.005414686,0.002752916,0.017876035,-0.09849022,-0.057217296,-0.028100885,-0.057732154,-0.06577913,0.0,-0.0064117243,-0.04677181,-0.018391892,0.0010230505,-0.08962551,0.0,-0.035171326,-0.013745845,-0.065348275,0.051393405,-0.021395009,0.0
-0.5257144,-0.05505441,-0.060146105,-0.00059395115,-0.014898737,0.0,0.0020985722,0.0033646116,-0.00014178694,-0.00066984084,-0.06642694,-0.0020159539,0.0063448134,-0.008809823,-0.09036428,-0.05080657,0.08491298,-0.03052689,0.022445345,0.0,-0.020598784,-0.05418361,-0.008003967,0.00076223456,-0.06032674,0.0,-0.023800237,-0.028426392,0.0055518057,0.039274827,-0.012110331,0.0
-0.52219665,-0.04559725,-0.037615817,0.0002850527,-0.010370818,0.0,-0.00019481569,0.002055697,-7.0803755e-05,-0.0011675939,-0.0575429,-0.0042847246,0.0017866741,-0.008715802,-0.056216966,-0.054488856,0.05890895,-0.047269914,-0.02338693,0.0,0.02712443,-0.011267888,-0.020666258,0.02108737,0.01731346,0.0,0.04768913,0.038258962,0.015320486,0.01705969,-0.037893157,0.0
-0.5088411,-0.0328028,-0.11134297,-0.00020345168,-0.009787421,0.0,0.004927863,0.007677771,-0.00012275626,-0.0002643802,0.022815874,0.0045142137,0.0030218223,-0.0103666,-0.070774026,-0.030620169,0.11393636,-0.02245705,-0.012954605,0.0,0.026212402,0.019194858,0.036973506,0.028112257,-0.011676641,0.0,0.06220234,0.0003937066,-0.007574501,0.05846316,-0.022051334,0.0
-0.5757857,-0.03317023,-0.19047667,0.0006787791,-0.02122262,0.0,0.005351276,0.0014181957,-0.00011894692,0.0009866034,0.017631676,0.0019042232,0.000438712,-0.0101882685,-0.08487291,-0.044513237,0.060703374,-0.050091833,-0.040573772,0.0,-0.029997304,-0.06316406,-0.29005444,-0.07654837,-0.041340947,0.0,-0.03663614,-0.0077854693,-0.062574446,-0.037104197,-0.06857083,0.0
-0.44948128,-0.003037196,0.23638588,0.012429399,-0.0028860385,0.0,0.013318522,0.005842215,-7.434239e-05,-0.00058134785,0.010997343,0.03629057,0.009075578,-0.0064648674,0.072888196,0.029569859,-0.24628726,0.10626526,-0.04126906,0.0,0.006296364,0.012423229,0.032258987,0.031071084,0.12217697,0.0,0.10703196,0.025804967,0.02145462,0.0021005373,0.043894053,0.0
-0.14576642,0.009556802,-0.03937283,0.0002919994,-0.013074477,0.0,0.0066557745,0.008874953,-0.00010507773,-0.0012324059,0.04857702,-0.0009928525,-0.0024640951,-0.014223935,-0.020121213,0.0066293417,-0.08448113,-0.06890619,-0.09214681,0.0,-0.0042425264,-0.042173605,-0.02796223,-0.058524206,-0.030804694,0.0,0.017496306,0.017628094,0.0094086975,0.008885754,-0.023281824,0.0
-0.36256036,-0.017413303,0.15920947,0.0008513735,-0.006746862,0.0,0.0063791713,0.008079289,-5.3489584e-05,-0.0009016219,0.003866094,-0.0029549468,-0.010802472,-0.0071634967,-0.024217723,0.10020531,-0.011816376,-0.036191873,-0.10498521,0.0,0.0053670933,0.012532019,-0.00076669577,0.0020556895,0.027686706,0.0,0.02723732,0.007555423,-0.03560917,0.014508335,-0.022591587,0.0
0.012265498,-0.018627146,0.17162532,0.00017300756,-0.0067691794,0.0,0.0048300014,0.009589392,-0.00014110161,-0.0009016219,0.031369265,-0.0010400882,0.008000294,0.026021885,-0.022221701,0.08501629,0.09360044,-0.04002871,-0.06831091,0.0,0.0138928825,0.04044697,0.004585025,0.0019349988,0.03628304,0.0,0.038582988,-0.006587722,-0.023047604,0.014427225,0.10104738,0.0
0.25880593,-0.012557081,-0.03405048,0.0019972357,-0.014914705,0.0,0.004999668,0.0012592989,-0.00011783413,0.0027030674,0.05948463,0.00066598016,0.0011939058,0.027696194,-0.030998865,0.031668294,0.09407043,-0.020798193,-0.059408262,0.0,-0.0011196049,0.051696207,0.05766727,0.032553487,0.055429615,0.0,0.015299215,-0.026025899,-0.0061821635,0.022863152,-0.014347525,0.0
0.16169883,-0.024271231,0.02394883,0.00038711517,-0.011056732,0.0,-0.00016989077,0.010289666,-9.053119e-05,-0.0012844951,-0.10221421,-0.0011628909,0.0019594014,-0.008281429,-0.049913067,-0.043093987,0.06666587,-0.074958555,0.007623218,0.0,0.001080643,-0.04622349,0.014676271,0.0017209036,0.028514775,0.0,0.024076266,0.039058313,0.012647903,-0.017288866,-0.04767559,0.0
0.058418233,-0.029607117,0.23082137,0.000116782874,-0.008838659,0.0,0.001979215,0.0049378527,-0.00012207095,-0.0005837574,-0.06588274,-0.0019887288,0.0070567545,-0.0053565507,-0.0047122277,-0.011857533,0.10329132,-0.030857531,0.07575595,0.0,0.0025168813,-0.019511605,0.035079636,0.031306818,0.04362894,0.0,0.010820457,-0.0044265045,0.06938963,0.049326476,0.08906181,0.0
0.34445822,-0.034318723,0.031673525,0.00015299037,-0.0002428602,0.0,0.0072486713,0.0050713746,-6.562559e-05,-0.00031743967,0.027552344,0.0064982106,0.0011322264,-0.0021397006,0.0028139425,-0.014694486,0.05871217,0.063847534,0.20690402,0.0,0.038325753,0.05705952,0.028801795,0.01604803,0.057413794,0.0,0.039857894,0.022764197,0.05564251,0.020809816,-0.013742283,0.0
0.4902488,-0.07435479,0.0068093543,0.0006859543,-0.010219605,0.0,0.004891784,0.00589198,-6.253779e-05,-0.00012166192,0.021018865,0.0005202036,0.0016667561,-0.006989106,-0.08298672,0.018440137,0.034943715,0.025808759,0.017568707,0.0,-0.021862153,-0.01815606,-0.08916301,-0.019239157,0.008122326,0.0,0.01686081,0.0045823725,-0.044981953,0.02117798,-0.015806448,0.0
0.017172573,-0.031682797,0.03203846,0.00011757243,-0.01032261,0.0,0.0047578802,0.0028014588,-8.516523e-05,-0.00017477096,0.033956,-0.0009578534,-0.013525159,-0.008498687,-0.008484532,0.016024645,0.042962983,0.042558473,0.010615898,0.0,-0.022758072,-0.043455005,-0.17204553,0.0086611975,0.010791212,0.0,0.047780808,-0.014868443,0.024414998,0.038914613,0.01751853,0.0
-0.052918695,-0.0025368503,-0.02321924,0.001496849,-0.016250404,0.0,0.0048142807,0.008010637,-7.004774e-05,-0.00065798033,0.042619742,-0.0048836833,-0.011170447,-0.012684398,-0.028618641,0.06834212,-0.23069057,0.07618127,-0.05396898,0.0,0.010808523,-0.027303278,0.0062182155,-0.035576735,0.06482186,0.0,0.024012413,-0.009337555,0.0061880955,0.008584389,0.02482907,0.0
-0.025793819,-0.010812178,-0.023362292,0.0071725682,-0.011331572,0.0,0.0047343955,0.008408472,-0.00011124436,0.000102600905,0.05403516,-0.0042404733,0.0046950667,0.029682375,0.04130795,0.0939166,-0.23054439,0.06010673,-0.057028394,0.0,0.047775425,0.0424006,-0.03345337,0.0232809,0.045677286,0.0,-0.0058027934,-0.017903788,0.020339705,0.013233553,0.073483855,0.0
-0.029786399,-0.0222408,-0.004652091,0.006147029,-0.008267349,0.0,0.0048249247,0.00690328,-6.7194866e-05,0.00019820446,0.0557614,-0.0027342027,0.0054130997,0.038110808,0.008169076,0.07347116,-0.18093769,0.0156667,-0.036984514,0.0,0.025922718,-0.011020328,0.0026302054,-0.07604995,0.122969076,0.0,0.009651328,0.04709219,0.020944024,-0.02129917,0.078685276,0.0
-0.21883534,-0.038241014,-0.07328549,0.0006578604,-0.013150636,0.0,0.004240392,0.006636361,-0.00010034472,-0.0008865226,-0.1941069,-0.0059766797,0.0012396749,-0.013175739,-0.16341119,0.054148536,-0.34530434,-0.08737548,-0.11027224,0.0,0.016901791,-0.045764342,-0.036669824,-0.107887276,-0.074460134,0.0,-0.03216822,-0.0038072965,-0.033825442,-0.10183026,-0.056102846,0.0
-0.3456183,-0.018885275,0.15439662,0.00014911436,-0.010721999,0.0,-0.00065338705,0.0068825735,-9.1034904e-05,-0.0028185104,-0.044885267,-0.0040278537,0.0031974255,-0.006894747,-0.09300817,0.11690909,-0.037011642,-0.06472646,-0.09230197,0.0,0.014045073,0.026188213,-0.025300307,0.012025105,0.012080581,0.0,-0.019506447,-0.009139278,-0.053484797,0.054288484,-0.023513399,0.0
-0.33253744,-0.031885847,-0.021820968,0.00012445154,-0.010597473,0.0,0.0045497497,0.007095997,-0.000117119285,-0.00089263765,-0.059163943,-0.0014859491,0.0017864102,-0.007768695,-0.048080526,0.14956532,0.121677406,-0.027702993,0.034217663,0.0,0.044514168,0.05045686,0.0759537,0.024177046,0.05147236,0.0,0.01925892,0.038866945,0.00997212,0.044314694,-0.004111266,0.0
-0.033543363,-0.043450113,-0.009973817,0.00045244815,-0.010567946,0.0,0.0050747874,0.009149347,-8.678048e-05,-0.00040393442,0.043542106,-0.00022497519,0.0033610072,-0.012054958,-0.066708095,0.08255364,0.054565467,-0.06850491,0.01335001,0.0,-0.01580631,-0.026876576,-0.015164762,0.012356093,0.02065581,0.0,0.031875603,0.004240947,-0.042386465,-0.024054678,0.024939625,0.0
-0.06381422,-0.0465053,-0.034744143,0.00024416205,-0.010964703,0.0,0.0051646195,0.0041957246,-4.573477e-05,-0.0005288794,0.04018369,0.0018000402,-0.013249168,-0.012251513,-0.050173588,-0.28941274,-0.018534027,-0.024420366,-0.05027058,0.0,0.0041745338,-0.029817786,0.0079927,0.0021206094,0.021139767,0.0,0.00096815097,-0.01744614,-0.015702754,-0.023423348,0.0034448395,0.0
-0.41669056,-0.036768515,-0.030060964,0.00022596504,-0.010928254,0.0,0.005218361,0.0021953518,-6.961558e-05,-0.00062396534,0.023026036,-0.00030457624,0.0016402856,-0.0111068785,-0.06341437,-0.0008596896,0.09447524,-0.02719498,-0.06692429,0.0,-0.016596925,-0.018822728,0.056461334,0.0042773243,-0.03629659,0.0,0.01648046,-0.006907121,-0.0073590023,0.02188025,0.009605955,0.0
-0.41463187,-0.025407355,-0.013253991,0.00017372919,-0.009990773,0.0,0.005120159,0.005565284,-0.00012680102,-0.000228423,0.025003074,-0.00033097196,0.01566412,-0.006884919,-0.013279185,-0.15792918,0.11726801,-0.014531686,0.0062076626,0.0,-0.0024745767,-0.020347865,0.019817472,0.009884887,0.03703798,0.0,0.016980246,0.030325523,-0.0090689035,0.005306075,-0.041838754,0.0
-0.46744305,-0.038462475,-0.09103963,4.722662e-05,-0.0063663307,0.0,0.005498964,0.0060855825,-0.00032489502,-0.000117842545,0.028517483,-0.0035352104,0.000748923,0.017984098,-0.08320436,-0.031196993,0.079524055,-0.051473375,0.0936075,0.0,0.008659504,-0.04047778,0.005087217,0.02746428,-0.049889784,0.0,0.005552923,0.01909731,-0.011252042,-0.0742879,-0.056731954,0.0
-0.43895656,-0.02798075,-0.06921811,1.0080794e-05,-0.016361054,0.0,0.0069640935,0.004545737,-0.0001987764,-0.0009778984,0.021083731,-0.0015784829,-0.0109129315,0.018827181,-0.05207945,-0.015563545,0.09581273,-0.015702697,0.020198528,0.0,0.0037751,-0.019617213,0.021030735,0.014492494,0.0029922125,0.0,0.00601183,0.05195516,0.0001019801,0.008165533,-0.00082128565,0.0
-0.44484475,-0.054178756,-0.10440497,-0.0006267161,-0.013153496,0.0,0.0047351555,0.0039457288,-4.7204005e-05,-0.0006586452,-0.08466867,-0.00093696406,-0.016934928,-0.00939835,-0.1945634,-0.3214732,0.065034755,-0.076284826,-0.013163533,0.0,-0.019225623,0.02387324,-0.06296458,-0.035236094,-0.16672939,0.0,-0.034136795,-0.020146295,-0.044578426,-0.080910966,-0.0031639256,0.0
-0.28283194,-0.018826615,0.17479339,0.00013742733,-0.008515066,0.0,0.0010999605,0.0072813705,-0.0001991158,-0.00064229337,-0.026675224,-0.003713835,0.004398821,-0.0047457283,-0.04767808,0.116032116,0.1636704,-0.03687954,0.06016951,0.0,0.006995511,0.024095759,-0.006531377,0.020129982,0.038674474,0.0,-0.029235689,0.02700192,0.023320507,-0.07418254,-0.0044723772,0.0
-0.06384026,-0.026123451,-0.0277757,-0.0035886855,-0.004354296,0.0,0.0054159304,0.008994961,-0.00026176404,-0.0005529947,-0.11629016,-0.0006141991,0.0009535605,-0.009208138,-0.06476368,0.07868677,0.101300515,-0.01186348,0.18371058,0.0,0.0219185,0.0005135686,0.07892857,0.017652923,-0.016158164,0.0,0.0019655332,0.0665384,-0.0032469558,0.0018159471,0.034624755,0.0
-0.0223204,-0.030116513,-0.026612876,0.00071362185,-0.009736567,0.0,0.005281785,0.01026423,-0.0003143888,-6.1242245e-05,0.054763783,0.003747567,0.0053640986,-0.010914698,-0.10315197,0.09178726,0.074676774,-0.0075166826,0.08096596,0.0,0.02115837,-0.009397885,0.027723724,0.03001672,0.07317386,0.0,0.027528716,0.016453547,0.019743627,-0.056430057,0.038621616,0.0
0.15283506,-0.015526455,-0.030676037,0.0007832361,-0.015300052,0.0,0.0052392953,0.00981471,-0.00026452544,0.0003829732,0.059236314,0.0016181067,0.0051557184,-0.009878405,-0.07063566,0.084657155,0.07180656,-0.022172816,-0.0058799004,0.0,0.047648124,0.07614057,0.012179539,0.020001702,0.052808974,0.0,0.036430392,-0.0010158075,-0.00916869,0.026244327,0.023774192,0.0
0.2180157,-0.02523043,-0.033169597,0.0003541313,-0.009955118,0.0,0.0051067495,0.008198385,-0.000296285,-0.0006146105,0.044891957,-0.00020139411,-0.010052734,-0.014196285,-0.045044467,0.073253304,0.08988865,-0.02462815,-0.0440309,0.0,0.013870989,0.044056173,-0.004400204,0.018508932,0.041855816,0.0,0.03760801,0.011670394,0.075796984,-0.039555818,0.018939206,0.0
0.15564334,-0.025630357,-0.033596795,0.00039033365,-0.014889644,0.0,0.0050664213,0.0011607887,-0.00026242668,0.0032820657,0.052445054,-0.0008149996,-0.00536782,-0.013988603,-0.05967785,0.03844035,0.06699672,-0.047598615,-0.025406143,0.0,0.008371208,0.008733914,0.010135115,0.03131522,-0.0023023312,0.0,0.044767525,-0.030702686,-0.0031532722,-0.0027401852,-0.0360611,0.0
-0.059258416,-0.015430809,-0.020080173,0.00011555216,-0.010229265,0.0,0.006957329,0.009156424,-0.00025104135,-0.0013122931,0.049250662,-0.00019230964,0.001314124,0.03979581,-0.03962831,0.09175118,0.10046879,-0.052946173,-0.051000107,0.0,0.016784323,-0.018989956,0.07466333,-0.011893872,-0.042398114,0.0,-0.005684791,-0.009270001,0.040977225,0.0014359806,-0.0031768556,0.0
-0.048221808,-0.014647409,-0.0035979897,0.00013447052,-0.009657877,0.0,0.0050536445,0.010394093,-0.00021486708,0.00039734604,0.050712783,-0.001163787,0.0011237526,0.03459181,-0.054733034,0.07445422,0.097606696,-0.03807002,-0.047718216,0.0,0.026017439,0.025863737,0.008785762,-0.01626925,0.029676838,0.0,0.0019967137,0.013993589,-0.0070382482,0.00085735094,0.0014996629,0.0
-0.2832372,-0.025324421,-0.11286878,-0.00023024993,-0.018165736,0.0,-0.005116503,0.005134184,-0.00036340847,-0.016114721,-0.20770845,-0.00094533095,0.0008808306,-0.013026083,-0.17127623,0.002483828,0.0545279,-0.08747013,-0.16830325,0.0,-0.05518662,-0.05479451,-0.027586922,-0.039137386,-0.042981256,0.0,0.010645195,-0.03671908,-0.02576294,-0.27599636,-0.048860386,0.0
-0.27780253,-0.006769342,0.20767842,0.00022098656,-0.007928283,0.0,0.0023072637,0.007351936,-0.000245046,0.0038550566,-0.030430024,-0.0018876699,0.004843163,-0.0067094923,-0.026250996,0.049512196,0.18805514,-0.019162593,-0.04352137,0.0,0.020587191,-0.0053279647,0.022340713,0.028620657,-0.03251513,0.0,0.001412628,0.007983769,-0.006408944,-0.06655405,0.0080306595,0.0
-0.06379675,-0.016605156,-0.06670954,0.00021509772,-0.01854614,0.0,-0.00089880615,0.009514117,-0.00032387913,0.005404713,-0.10529181,-0.001023422,0.0019343045,-0.00973963,-0.024017448,0.1034774,0.09431408,-0.021940026,-0.04284009,0.0,0.03833278,-0.0194631,0.06790593,-0.0027374001,-0.008192284,0.0,0.007166681,0.09270062,0.014377958,-0.002358729,0.031285282,0.0
-0.087326184,-0.0022477033,-0.08855229,0.00033286185,-0.015844533,0.0,-0.0011028065,0.009197503,-0.0003701662,0.0028935424,0.042175293,0.0020903724,0.0038914587,-0.014285934,-0.043624356,0.09016847,0.07419902,-0.025696719,-0.039437197,0.0,0.017038977,-0.022711929,0.058165148,0.02768901,0.044539955,0.0,0.023093984,0.073605575,0.012525191,-0.045413405,0.09667201,0.0
-0.114990585,0.0073373304,-0.06279442,0.00032375462,-0.016028887,0.0,-0.0017401073,0.008432539,-0.00020852595,0.0013310795,0.042670205,0.0009061943,0.0017016728,-0.012673631,-0.041684005,0.075473666,0.02987148,-0.025792088,0.013704722,0.0,0.043894492,0.02796515,0.06266194,0.044245068,-0.0074935514,0.0,0.020846717,0.044768274,0.07304753,0.011535649,-0.020124244,0.0
-0.15237135,0.0033721472,-0.057758104,-4.3345135e-06,-0.015737932,0.0,-0.002384555,0.0077222325,-0.00030701904,-4.5897425e-05,0.045254767,-0.0007375148,-0.010153234,-0.010927914,-0.03479671,0.06830325,0.11285775,-0.04024781,0.018443875,0.0,0.02507081,-0.026006741,0.024560431,0.010120007,-0.021150583,0.0,0.0005041613,0.043395013,0.007834758,-0.04250087,-0.030079005,0.0
-0.11528748,0.042414483,-0.065107964,1.1887596e-05,-0.017099336,0.0,-0.0012633002,0.005118016,-0.00023906882,-0.0065512666,0.03663946,-0.0008583615,-0.004426953,-0.010911922,-0.061667163,0.055207055,0.057416048,-0.038906943,-0.059413474,0.0,-0.0271263,0.02884085,0.03855719,-0.01797462,0.012981727,0.0,0.03361512,0.0016906874,-0.022359172,-0.024087898,-0.0060874643,0.0
0.040946137,0.060470756,0.1287674,5.7628393e-05,-0.007581088,0.0,-0.0022121721,0.003288412,-8.589668e-05,0.0015638742,0.038198557,-0.00050326565,0.00773945,0.031204049,-0.04397464,0.07919133,0.0698574,0.09781607,-0.059705812,0.0,-0.005922525,0.002659694,0.03043626,0.027630327,0.05366803,0.0,-0.007976872,-0.005374045,0.0053802645,0.07643681,0.024805827,0.0
0.27018967,-0.025059352,0.1101826,0.00024088426,-0.0057804184,0.0,-0.0019404354,0.007506703,-0.00024005481,0.00059520785,0.050026305,-0.0010445617,0.0076367306,0.04020298,-0.05502302,0.05193362,0.050830197,0.07960999,-0.065058626,0.0,0.049193833,-0.021867504,-0.047114413,0.010898766,0.019239837,0.0,0.040480904,0.008762751,-0.009001085,0.041074317,0.076982506,0.0
0.0181332,-0.12527952,-0.16561103,0.00024412671,-0.016395276,0.0,-0.0020904075,-0.0007623728,-0.00024005481,-0.019456426,-0.20168743,-0.000921984,0.0020337733,-0.012589631,-0.1652143,0.010590839,0.030730275,0.034922957,-0.3140034,0.0,-0.10358764,-0.06811152,-0.07945957,-0.13482231,-0.10734014,0.0,-0.03732117,-0.026056377,-0.03675225,-0.10524369,-0.06106951,0.0
-0.22294052,0.0004529942,0.28968295,0.0008914267,-0.0042658104,0.0,0.0016483994,0.003654677,-6.3014275e-05,0.008244668,-0.019190326,-0.0012466805,0.004361976,-0.007885287,0.017531916,0.14017043,0.14927809,0.119432464,-0.07629429,0.0,0.0022886589,-0.01397694,-0.0067923847,-0.0043024677,0.03270709,0.0,-0.009393047,-0.020816192,0.0553407,0.06702026,0.031464033,0.0
0.21482782,-0.021684645,-0.03707028,8.675347e-05,-0.020905007,0.0,-0.0014486797,0.008813642,-0.00027622908,0.0022971313,-0.12239628,-0.0010261945,0.007113369,-0.010134028,0.0010712433,0.063235834,0.0943586,0.11717938,-0.064118005,0.0,0.047165234,0.030727508,0.06454877,0.02209008,-0.01877926,0.0,0.093750864,-0.016518503,0.014264272,0.04358384,0.054579355,0.0
0.25079086,0.0017468157,0.064162605,0.0005484243,-0.0072710076,0.0,-0.0017810335,0.009861432,-0.00019042427,0.002444315,0.031137906,0.0047062766,0.0016816691,-0.013726243,-0.07526212,0.07082438,0.07330855,0.09247562,-0.0776552,0.0,0.0033196975,-0.025415584,0.037050173,0.017838245,0.029860437,0.0,0.022984553,0.027008224,-0.038550705,-0.040508896,-0.045470465,0.0
0.19655155,0.006074739,0.05874905,0.0006121586,-0.01043904,0.0,-0.0024292883,0.00031323306,-0.00027854502,-0.003949533,0.046979442,-0.00068575836,0.0011300084,-0.00993837,-0.022662066,0.043896418,0.072172396,0.13178581,-0.07391799,0.0,0.005218978,0.022942336,0.029447513,0.01432472,-0.021882743,0.0,0.050458647,-0.028923312,-0.011816324,-0.0037995519,-0.016846873,0.0
0.26097476,0.0012001289,0.008691898,0.0002102137,-0.013140499,0.0,-0.0024986872,0.008115682,-0.00024027197,0.0019977172,0.051416103,-0.00018319991,-0.009782242,-0.00982684,-0.006729986,0.045017257,0.057721447,0.099973835,-0.08183444,0.0,0.032355804,-0.043829095,0.051582426,-0.007346855,0.0005086325,0.0,0.053277332,-0.0094778715,0.026124364,-0.0040543205,-0.015747216,0.0
0.30109754,0.02794276,-0.016746974,0.000894325,-0.013636984,0.0,-0.0025747274,0.0075578904,-9.9080076e-05,0.0024914506,0.04239008,-0.0009142189,-0.005030915,-0.0058783316,0.005356463,0.07266414,0.0729219,0.10414184,-0.07401769,0.0,0.04397024,0.045385048,-0.117825896,0.037425622,0.012990582,0.0,0.10216339,0.045651827,0.028114825,0.015682034,0.018439187,0.0
0.4248157,0.044452716,-0.00772765,0.0011203296,-0.013873009,0.0,-0.0026545806,0.0103435675,-0.00011013157,0.0033340352,0.0330255,-0.0009902307,0.00075900555,0.03361375,-0.011684826,0.07930407,0.086463116,0.10953344,-0.09297901,0.0,0.025379378,-0.008817888,0.010833517,0.021423463,-0.02114651,0.0,0.07193166,0.00480062,0.040007565,-0.030666757,0.008371949,0.0
0.30798954,0.024274018,0.06838035,0.00086300273,0.0145630315,0.0,-0.0023467913,0.009378718,-9.053119e-05,0.003568078,0.032467652,-0.0049149017,0.0010468435,0.027290983,-0.04809833,0.07188135,0.07606034,0.045652542,-0.06851161,0.0,0.04017658,-0.028462721,0.0006332176,0.013471098,-0.017967012,0.0,0.033914678,0.059549056,0.02880885,-0.004171309,0.03989382,0.0
0.35638922,0.05050467,0.022279935,0.00088959123,0.050340928,0.0,-0.0019965598,0.0018840099,-1.6911832e-05,0.0054603224,-0.0965041,-0.0027887183,0.0009332517,-0.008736076,-0.04656873,0.0678772,0.07316809,0.062246382,-0.09890381,0.0,-0.013609086,-0.01330159,-0.1835871,0.033225577,0.025511155,0.0,0.0247079,-0.00590243,0.027557706,0.049917802,-0.016483113,0.0
0.2434143,0.042191915,-0.023244716,0.0006382258,0.05453708,0.0,-0.0017346088,0.0035384358,-0.00011244751,0.003794388,-0.11181293,-0.0016696732,0.0022462872,-0.008528183,-0.04228207,0.08882593,0.08630265,0.115816735,-0.16818495,0.0,-0.061338473,0.049382884,0.030657604,0.025202276,0.055112723,0.0,-0.015122987,0.017619519,0.030585675,0.0017443637,0.06787935,0.0
0.21046546,0.01451206,0.02464783,0.0005476305,0.0145692695,0.0,-0.0022792656,0.0044305394,-0.00055908354,0.0013872203,0.031394318,0.0017793613,0.0010078577,-0.010928421,-0.06057632,0.06995967,0.08044855,0.10869591,-0.072762005,0.0,0.013045348,-0.033214282,0.01992418,0.01029782,-0.0287233,0.0,-0.03081033,0.00069693936,-0.02138506,0.029388836,-0.00086885516,0.0
0.067715384,0.017301656,0.120221995,0.0005542478,0.015231005,0.0,-0.0034081074,0.003342559,-0.00030069973,0.00268317,0.033890113,0.00084155874,0.0020412276,-0.009459155,-0.061905302,0.06034124,0.08727778,0.111213386,-0.08162668,0.0,0.023167199,-0.045604933,0.015440406,0.015050677,-0.029794397,0.0,-0.016680514,0.013044732,-0.03491698,0.009141908,-0.0009712405,0.0
0.0121173095,0.04956578,0.14882186,0.00047076048,0.0139298905,0.0,-0.002183391,0.0015100663,-8.988656e-05,0.0035381587,0.02788246,-0.00075167866,-0.00057607656,-0.009344782,0.006757454,0.016908605,0.09424213,0.118589036,-0.05043923,0.0,0.026864931,-0.028542833,0.017997729,-0.012815659,-0.0202346,0.0,0.03550196,-0.0015798042,0.017806347,0.027245741,0.022285258,0.0
0.22920573,0.01192232,0.019317772,0.00018901278,0.014223758,0.0,-0.0035560997,0.005357845,-0.0001700756,0.0027713038,0.03921681,-0.00019181942,0.007426582,-0.008359938,-0.019348236,-0.034195732,0.08259593,0.10417499,-0.15475515,0.0,0.025362477,0.048948117,-0.011653939,0.01058347,-0.010527965,0.0,0.029293016,0.022915758,-0.029740406,0.00986286,0.0013212303,0.0
0.29420844,0.037472688,0.054071464,0.00021005915,0.014522686,0.0,-0.0018473433,0.006907323,-0.00027854502,0.00032598356,0.03834814,-0.0007730536,0.00023204322,0.020642515,-0.03854726,-0.012168888,0.08321228,0.09612808,-0.0716597,0.0,0.043347124,0.0068455557,-0.011812992,0.014392537,0.023026116,0.0,0.039205667,0.0045780772,-0.014679368,0.015061311,-0.043823786,0.0
0.27971387,0.04957702,0.07564226,0.0011573369,0.035241537,0.0,-0.0018473433,0.0018854048,-0.00021092716,0.00070047955,0.037757542,-0.0009333013,0.00377271,0.020141048,-0.05728116,0.052692447,0.088866375,0.083341524,-0.01544192,0.0,0.022432446,0.06289681,-0.024302904,-0.014849331,0.029010613,0.0,-0.018403651,-0.027283013,0.04210224,0.02078136,0.054546222,0.0
0.07479572,-0.018278193,-0.025292063,-0.00016763827,0.015610857,0.0,0.0018717736,-0.020765912,-0.0005369289,-0.018682135,-0.13856633,-0.0062256693,0.00029365474,-0.01675823,-0.12485605,-0.017947286,-0.025247749,-0.5087932,-0.123207845,0.0,-0.052657876,-0.0530852,-0.04444024,-0.122891515,-0.16786994,0.0,-0.064530306,-0.08047196,-0.05041196,-0.040690556,-0.02099257,0.0
-0.18538143,0.032477435,0.24812187,0.00018840645,0.0097741075,0.0,0.011499264,0.0049419366,-0.00024447817,0.0047684135,-0.008338764,-0.0016117055,0.006327758,-0.0038082465,-0.024126358,0.10976094,0.23984753,0.06519969,0.0112595,0.0,0.02040103,-0.023755018,0.045500014,0.0062682913,0.022486331,0.0,0.005226569,0.019149369,0.15436357,-0.0016866417,0.02226619,0.0
0.3142905,0.044601154,0.051294222,0.00020241071,0.04136904,0.0,0.0021401406,0.002532675,-0.00027622908,-0.009358948,-0.078207836,-0.0010258639,0.0034505501,-0.00627255,-0.013329877,0.06448386,0.15979297,0.07149991,0.02455336,0.0,-0.0033847524,0.045074467,0.03878952,-0.022068776,-0.01774014,0.0,0.019247124,0.02942828,0.14375782,0.04707847,0.024863508,0.0
0.49490684,0.024166463,0.0123832105,0.0005363767,0.039430853,0.0,-0.002051246,0.012206262,-0.00030161298,0.0029371174,0.018406814,0.0029439114,0.000341153,-0.011119974,-0.033580076,0.055008978,0.07936753,0.03038884,-0.06321491,0.0,0.012342977,-0.004140944,0.06955551,0.0034442737,-0.030727163,0.0,-0.0009832615,0.0076188077,-0.03304049,0.02693877,0.0026854705,0.0
0.38082668,-0.03421916,0.014311543,0.00028422894,0.038406618,0.0,-0.0031221784,0.009810955,-0.00052290934,0.00043859443,0.03045349,0.00181678,0.0027971216,-0.0106440615,-0.017517874,0.052474704,0.120935895,0.09354012,-0.05915452,0.0,0.015060905,-0.017332679,0.0120677,0.003037815,0.019177796,0.0,0.013993398,0.021777008,-0.022455947,-0.014970641,-0.015186781,0.0
0.26527986,0.0067826696,0.029962378,6.23855e-05,0.029281309,0.0,-0.0024777306,0.009830311,-0.000246946,0.0012958621,0.027142728,0.0007338763,-0.006971256,-0.008512894,-0.021202546,0.054282226,0.1270262,0.101950034,-0.071831174,0.0,0.035102904,0.025504995,0.04838877,0.0068885046,-0.02460905,0.0,-0.05908633,0.012873093,0.028975338,-0.0027350157,-0.0066519603,0.0
0.31810564,0.025714379,0.05272617,6.23855e-05,0.030206092,0.0,-0.0020674332,0.009830311,-0.00029133336,0.0030926296,0.032601945,-0.00096543547,-0.005117686,-0.008204725,-0.011995294,0.07954956,0.08843265,0.115202196,-0.06511439,0.0,0.026059354,-0.036216237,-0.0039789765,0.008137007,-0.027155,0.0,0.011133498,0.030676473,-0.030886907,0.016619831,0.0044125617,0.0
0.27910677,0.017393857,0.039363846,0.00021452366,0.040304612,0.0,-0.0024777306,0.001670234,-0.00027127744,0.0012639314,0.043302123,0.0007805311,0.0032447032,0.03145779,-0.005459332,0.041368432,0.16387612,0.12732902,-0.049951673,0.0,0.02237334,0.041813355,0.04719028,0.011535278,-0.020409282,0.0,0.03684145,0.048086558,0.12803958,0.05489839,0.0032587107,0.0
0.73285425,0.019537378,0.020514624,-8.100612e-05,0.039208136,0.0,-0.003135642,0.009763669,-0.0001574792,-8.6051485e-05,0.031765584,0.0011961625,0.002839118,0.021686278,-0.013627878,0.046316754,0.15150161,0.1085599,-0.052631035,0.0,-0.008592292,0.0067382473,0.035281017,0.0106336735,0.0101056155,0.0,0.017251207,0.03924388,-0.0041342312,0.054723866,-0.006701637,0.0
0.80067223,0.012354267,0.056224346,0.00021029214,0.04105053,0.0,0.0036867207,0.009253963,0.0035649016,0.0026302862,-0.05562086,-0.0002815786,0.0038805958,-0.0034673654,0.022499826,0.07202083,0.17806332,0.10930387,0.03934209,0.0,-0.0031280785,0.046697035,0.039784037,0.02819784,0.044014186,0.0,0.019753825,0.007561497,0.002247122,0.007443983,-0.03127033,0.0
0.88695973,0.043554597,0.033162996,0.00042044983,0.040685046,0.0,0.0016156131,0.009654552,0.0014046432,-0.0009149262,-0.04863775,-0.001057348,0.0050932122,-0.006519284,0.0018732687,0.035578024,0.0908097,0.09738248,0.05544209,0.0,0.015000788,-0.0070146504,0.008249716,0.04126856,0.04693888,0.0,0.023669112,0.051087357,0.03176593,0.01806582,0.0037045698,0.0
0.81798047,0.016843805,0.011086801,0.00051333784,0.049270093,0.0,-0.0012290861,0.0095412815,0.0015717094,0.0010338352,0.015200657,-0.00066344166,0.0015784219,-0.0060457587,-0.0015706068,0.02828692,0.06966757,0.09017845,0.041146018,0.0,-0.018985085,0.026341412,-0.026473248,-0.029717421,0.023147453,0.0,0.008005072,0.012321699,0.024516083,-0.05374109,-0.033540968,0.0
0.58237475,0.008674663,0.012037577,0.0005157078,0.03858124,0.0,-0.0018333764,0.0051432797,0.0028529486,-0.00014117747,0.014476367,0.003770539,0.003578999,-0.0073189083,0.0026972007,0.031753194,0.07550724,0.12474299,0.09345979,0.0,0.020331774,-0.009125286,0.05283242,0.015830966,0.032983217,0.0,0.054702844,0.029710116,0.0019881409,0.040730566,0.020175405,0.0
0.76913536,0.031093031,-0.007435438,0.00012388428,0.040177636,0.0,-0.0041634412,0.015580267,0.0035297673,-0.0011594085,0.015906522,-0.00055170286,-0.0023604257,-0.010343641,-0.0070034633,0.03092697,0.06846699,0.109966874,0.04559071,0.0,0.0050486056,0.012980742,-0.0016439619,0.007909964,0.0028380984,0.0,0.016109888,0.04241368,-0.019246569,-0.053454068,-0.009861439,0.0
0.75758183,0.04363945,-0.010907126,-0.00021358504,0.039269496,0.0,-0.0038956194,0.009350056,0.0043043112,0.0018042382,0.017272707,0.0011593143,-0.0034864678,-0.008598138,0.000529154,0.023881214,0.09192668,0.11675725,0.05012087,0.0,-0.0075061573,0.016909655,0.012971843,0.012858208,-0.03693548,0.0,0.029364763,0.012920612,0.0056855544,0.06510595,0.0030168116,0.0
0.6835248,0.029775297,-0.005590771,0.00018197039,0.040410284,0.0,-0.002155098,0.011832865,0.00016265793,-0.0014489337,0.017762171,-0.0004912721,0.0019852843,0.029128598,-0.014709257,0.01091881,0.047880195,0.09303147,0.00798137,0.0,0.019053109,0.021408219,-0.12703985,0.005559728,0.016922334,0.0,-0.023380084,0.019574556,-0.009679163,0.026788253,-0.02417736,0.0
0.4325666,0.052123852,0.011371442,0.00018620625,0.046453994,0.0,-0.0025255878,0.0026350447,0.0022602838,-0.0005037239,0.03068722,-0.0010439311,0.004693897,0.036351062,0.017218003,0.024668235,0.07427929,0.11285653,-0.028754817,0.0,-0.017637432,0.007488047,-0.06766175,0.034016464,0.040701672,0.0,0.006542902,-0.007617689,0.035742436,-0.0033365036,0.08934255,0.0
0.5120181,0.03298326,-0.012263628,0.00018258762,-0.017583769,0.0,-0.0012723347,0.0067091705,0.0010854932,-0.002556615,-0.07756587,-0.0023522156,0.00093064766,-0.010927189,0.0022848207,0.06959588,0.028548952,0.102720715,-0.09855655,0.0,0.010390574,-0.019822447,-0.015009188,0.0065452647,0.031465907,0.0,0.057400282,0.037942793,0.032875508,0.0140333,-0.019667346,0.0
0.20706251,0.00613638,0.1566311,0.0001831893,-0.011537751,0.0,0.0015458101,0.00934892,0.0023694902,-0.0034184149,-0.06505106,-0.003131006,0.0021720035,-0.0070357905,0.0041522193,0.07157685,0.0824797,0.10621776,-0.035815906,0.0,0.011086026,-0.030446976,0.04272593,0.020497698,0.025861688,0.0,0.012927818,0.022636518,-0.022585323,-0.0072544194,-0.0062977313,0.0
0.18125644,0.02585019,0.13736945,0.0004662567,-0.010797748,0.0,-0.0021831936,0.0019960303,0.0032515249,-0.0012025182,0.023568582,0.0035625892,0.0028116934,-0.007890184,-0.005328959,0.06951478,0.086121276,0.10823257,-0.021017876,0.0,0.031857926,0.038192343,-0.009908137,0.011921299,-0.029984826,0.0,0.031632796,0.03642216,-0.027527861,0.039661087,0.0005181583,0.0
0.3318197,0.0073727192,0.16747205,0.00053344516,-0.012256001,0.0,-0.0019404354,0.005326671,0.0030526565,-0.00049438106,0.026692372,0.008007638,0.0074444762,-0.010999666,0.010828569,0.07331387,0.076253615,0.12323474,-0.048591346,0.0,-0.0783019,-0.005630032,0.061289877,0.03130868,0.09885466,0.0,0.0072331,0.021533096,0.001021656,0.023218516,0.059821825,0.0
0.32755914,0.029500684,0.11047599,0.000101021666,-0.007283476,0.0,-0.0035032537,0.0048478493,0.0021655846,-0.0013103733,0.019684792,-0.0067295916,-0.008886959,-0.009452415,-0.012981965,0.059842944,0.08583593,0.07918214,-0.09980116,0.0,-0.005217981,0.0031706125,-0.030420296,-0.0077192336,-0.036227923,0.0,0.02998358,0.035051104,-0.025141327,0.020061623,-0.017841417,0.0
0.21043514,0.0077081854,0.15411761,0.00023177068,-0.011719095,0.0,-0.0023551914,0.0019613577,0.0002047254,-0.0015580676,0.030712547,-0.0014965499,0.0039243447,-0.008197974,-0.015919518,-0.0150822215,0.0844012,0.114631034,-0.054929588,0.0,0.04123625,0.030906392,0.017997859,0.029795254,-0.020727396,0.0,-0.0027065468,-0.017991463,0.06493418,-0.027437039,-0.01588927,0.0
0.025214754,-0.0036798578,0.10719438,0.00024692365,-0.011733357,0.0,-0.0027631584,0.0016833344,0.004291231,-0.0015416177,0.027577244,-0.006566347,-0.016143262,0.027686073,-0.03664749,-0.34822598,0.022654193,0.041593,-0.23768803,0.0,-0.043181036,-0.070221744,-0.07633414,0.010432016,-0.016795382,0.0,-0.07130097,-0.058106966,-0.040289495,-0.3011264,-0.07619352,0.0
-0.38093847,-0.015035112,-0.005493421,0.00020980771,-0.012278031,0.0,0.005800472,0.003862786,0.003538759,-0.00093767396,0.023818623,-0.00082608423,0.005714941,0.031950388,-0.018677237,0.097425625,0.23841107,0.11478531,-0.047855042,0.0,0.011920303,0.0622166,0.029233454,0.01670681,0.0370535,0.0,-0.0047287997,0.011327283,0.08551281,0.08532093,0.08343124,0.0
0.18856318,0.051317465,0.13295475,0.00022033515,-0.006873216,0.0,-0.0028160594,0.009617332,0.004464799,-0.0015891889,0.032972034,-0.0014542177,0.0020774018,0.027432583,-0.020387929,0.09330103,0.11954734,0.12186869,-0.07926705,0.0,0.01028098,-0.020145148,0.025547918,0.026188897,-0.012047725,0.0,0.02632154,0.07444832,-0.008506164,-0.07853707,0.021003058,0.0
0.27774063,-0.007396979,0.16482472,0.00022033515,-0.01000842,0.0,-0.00038236834,0.009612735,0.0030526565,-0.001698886,-0.09125342,-0.0062527605,0.0042129382,-0.009925564,-0.01581583,0.077958934,0.095498614,0.10034356,-0.09220292,0.0,-0.024656106,-0.0012708168,0.0078064953,0.029861337,-0.0066778855,0.0,0.038570117,0.02368744,-0.009238099,-0.0064785997,-0.0012051283,0.0
0.19279943,0.007586093,0.21588756,-0.0001909399,-0.013405368,0.0,0.00047676347,0.0026560675,0.00027517346,-0.0018446184,-0.07509879,-0.0023583632,-0.009609711,-0.0075138225,-0.024252163,-0.04038534,0.025765875,0.061026108,-0.07451037,0.0,-0.017701395,-0.019579662,-0.23701389,5.0103525e-05,0.004660702,0.0,-0.02796098,-0.073869675,0.013297085,0.014588384,-0.0015911739,0.0
-0.3641075,-0.010985968,-0.06948249,0.00029352354,-0.015349562,0.0,-0.002344711,0.0021610442,0.0011220814,-0.0016650838,-0.06550231,-0.002957791,-0.002508336,-0.00846994,-0.06627851,0.07225384,-0.29595453,0.09620156,-0.08735485,0.0,-0.036617875,-0.002747698,-0.16888575,-0.00093029765,0.122188546,0.0,-0.06304521,-0.026096096,-0.032121357,-0.0141589325,0.06390646,0.0
-0.39489356,-0.01033575,-0.0574815,-0.0056720283,-0.01776172,0.0,-0.0033557368,0.0020344416,0.0011099053,-0.0016688474,-0.07416325,-0.0009829192,-0.0041189087,-0.0082903225,-0.053381965,0.07472118,-0.2939235,0.08479302,-0.07107837,0.0,-0.03179766,-0.0146721825,-0.15027525,0.0024398533,0.097643375,0.0,-0.06764459,-0.025455,-0.028070189,-0.010048075,0.06601892,0.0
-0.288495,-0.009654676,0.2570602,-0.0056720283,-0.0048897495,0.0,0.0005038131,0.0018968591,0.0011220814,-0.0024116444,-0.034476615,-0.003132493,-0.004218235,-0.0078060995,-0.04784685,0.04292097,-0.3406169,0.10383093,-0.08609078,0.0,-0.03226263,0.017364588,-0.1532151,0.0097918715,0.09829525,0.0,-0.053716812,-0.016958648,-0.026283778,0.035307758,0.061200216,0.0
-0.26086733,-0.015097049,0.2521435,-0.005809007,-0.004911327,0.0,0.0005038131,0.0016390409,0.00088039367,-0.0012192506,-0.04043225,-0.00417946,-0.0042029917,-0.008448066,0.068426944,0.051510107,-0.32105604,0.08728784,-0.0921606,0.0,-0.032780536,-0.0052103093,-0.15297511,-0.050847247,0.103755526,0.0,-0.0523827,-0.014975872,-0.030246451,0.050087843,0.051958054,0.0
-0.4176686,-0.035758063,0.2073221,-0.011761912,-0.0027231497,0.0,0.004987121,0.0019743552,0.0012666308,-0.0013704285,0.007480433,0.0264609,-0.001830441,-0.008555546,-0.0019211627,0.06858396,-0.37093714,0.08685467,-0.10400166,0.0,-0.025324084,-0.016256874,0.03168946,0.023819774,-0.0016595845,0.0,-0.0116589535,-0.0055382703,0.001521247,0.0066115824,0.040347267,0.0
-0.39706454,-0.0012208835,-0.04529415,0.0074539343,-0.011769845,0.0,-0.003046445,0.003848774,0.0011000622,-0.00079842506,0.023316426,0.020256296,-0.0011720278,-0.007220947,-0.03317959,0.07035367,-0.29063183,0.05170108,-0.08353122,0.0,0.014000249,0.03339295,0.026507938,0.02077116,0.0030609723,0.0,0.02366833,0.041885633,0.022544416,0.01846747,0.024214787,0.0
-0.078457244,0.017735092,-0.015521057,0.0010243675,-0.012748496,0.0,-0.0029650046,0.00603755,0.0006681739,-0.0013455665,0.04123974,-0.0048529864,-0.0062447763,-0.010095874,-0.05843071,0.041812237,-0.31189978,0.050315067,-0.090590924,0.0,0.015019761,-0.024089245,-0.0008451639,0.021011684,0.0055808974,0.0,-0.011104956,0.060930543,0.026239214,0.0182437,0.04915237,0.0
-0.06588167,0.011512473,-0.020203657,6.856104e-06,-0.012671435,0.0,-0.0018185849,0.0070206425,0.00081655954,-0.0013261095,0.043859627,-0.0008828115,-0.003587312,-0.008279024,-0.079629935,0.025282994,0.009052618,0.07281384,-0.05507079,0.0,0.020409603,0.026018051,-0.0014907183,-0.005297368,0.026771592,0.0,-0.02662449,0.02901119,-0.039757334,0.009983746,0.0148283485,0.0
-0.42325282,-0.033507798,0.17128503,0.00027064706,-0.0021180327,0.0,-0.0049460125,0.0033491454,0.0010026712,-0.0013288789,0.011358964,-0.0061746896,-0.0005925126,-0.00808117,-0.076682575,-0.025335142,-0.056430638,0.10673382,-0.032985687,0.0,0.0006474921,0.004290645,0.0071213767,0.015633283,-0.027291493,0.0,-0.008446127,0.04453619,0.0025066123,-0.022190332,0.005357086,0.0
-0.10852163,0.011722865,-0.0611919,0.00061749964,-0.013215476,0.0,-0.0029573322,0.0050850096,0.001053416,-0.00091808906,0.06664322,-0.00457859,-0.005714298,0.023953227,-0.069795795,-0.021085938,-0.30411118,0.047971677,-0.07071818,0.0,0.029930234,0.014893691,-0.1364476,0.00081354316,0.012560107,0.0,-0.014488725,-0.011376065,0.017007206,0.00019015849,-0.029671837,0.0
0.28926608,0.061344672,-0.06663531,0.00017162763,-0.017773949,0.0,-0.0021243792,0.0070206425,0.0010278577,-0.001334001,0.048398294,-0.0006090694,-0.009777813,0.032126304,-0.08078387,-0.009920861,-0.00042809447,0.07321412,-0.043691337,0.0,0.013337261,0.022491412,0.008670627,-0.00057411805,0.027295394,0.0,-0.022490483,0.032982793,-0.008993281,-0.0015036945,0.06922148,0.0
0.16540463,0.06283442,-0.090713516,-9.586352e-05,-0.018842617,0.0,-0.004545445,0.005415537,0.0035933533,0.00014145223,-0.14590208,-0.0015710574,-0.008561049,-0.008788344,-0.13341701,-0.08651631,0.016695213,0.054433655,0.04209354,0.0,0.011644632,-0.0069364957,0.017137157,0.029754112,0.027300343,0.0,-0.048516154,0.011993317,0.0045033074,-0.12017398,0.043877505,0.0
-0.037225228,0.058779515,-0.02862199,1.4083347e-05,-0.014499386,0.0,-0.005907338,0.005458667,0.0012285606,-0.0002529147,-0.13828367,-0.0024231758,-0.00890714,-0.014042986,-0.1118378,-0.09810095,0.009729441,0.030475356,0.10701602,0.0,0.01862049,0.030658824,0.002577595,0.009020106,0.03602858,0.0,-0.020737004,-0.06558678,0.026933748,0.022139454,0.027498981,0.0
0.15656768,0.07740757,-0.026567211,-0.00010412393,-0.00823434,0.0,-0.010954188,0.0076683373,0.0007804588,-0.0009437788,0.046383508,0.010087583,-0.012329491,-0.0107223,-0.11687551,-0.07678258,0.05518909,0.07170887,0.23715283,0.0,0.020471686,-0.020686965,0.027742947,0.0022899788,-0.027497018,0.0,-0.06676102,0.05074635,-0.013283911,0.011723082,-0.01769637,0.0
-0.101696834,0.092511274,-0.0091233,-0.0021278786,-0.0074223513,0.0,-0.010743782,0.005512042,0.00030604214,-0.0011318903,0.05638934,0.0068955496,-0.00894993,-0.011866646,-0.09371799,-0.06381202,0.05488132,0.04625663,0.2707732,0.0,0.0020602872,-0.009114877,0.031815704,0.024561245,0.072570816,0.0,-0.06170416,0.048579216,-0.0007066199,-0.019943481,0.051346794,0.0
-0.06956789,0.07957087,-0.012299601,-0.0025427444,-0.011146626,0.0,-0.012853315,0.0045758775,0.000781353,-0.0004988941,0.04649603,-0.0025163132,0.0063562915,-0.013590867,-0.10459455,-0.082028195,0.07654459,0.07576392,0.2440833,0.0,0.019026343,-0.027608925,9.832907e-05,0.017252402,-0.049878784,0.0,-0.0284837,0.008042221,-0.015189207,-0.00068438426,-0.027972523,0.0
-0.031684343,0.050773133,-0.007241795,-0.0024385839,-0.006920382,0.0,-0.016427178,0.005495281,0.0009992883,-0.0010051936,0.048729807,-0.0032028542,0.0059363595,-0.008362514,-0.10077502,-0.089816645,0.07256487,0.0600199,0.23715228,0.0,-0.002839471,0.01664163,-0.010754,0.017260896,-0.014908051,0.0,-0.067053355,0.05977093,0.0333486,-0.16501433,0.00016896559,0.0
-0.13242866,-0.0038402465,-0.007339743,-0.0024995415,-0.0074086254,0.0,-0.010882011,0.00016707703,0.0023158477,-4.3898548e-05,0.04221487,-0.0033641795,-0.008391921,0.02795547,-0.058893528,-0.06107245,0.08829518,0.07833219,0.22446938,0.0,-0.01853635,0.03655105,0.009602057,0.021048693,0.012940618,0.0,0.0017142687,0.039323155,0.035576366,-0.08820742,0.10790054,0.0
0.19850482,0.081742056,-0.1360158,-0.00042162166,-0.007950813,0.0,-0.014458849,-0.0007249179,0.00088385853,0.001954142,0.050042547,-0.0034916918,-0.010195748,0.021848952,-0.061793,-0.048795585,0.041166183,0.0948531,0.26271015,0.0,-0.019979678,-0.029726287,-0.23244388,-0.07336638,0.03757568,0.0,-0.020614976,0.03017967,-0.023063315,-0.01590612,0.09436518,0.0
0.029324114,0.051059224,-0.018550785,-0.0021559345,-0.011703393,0.0,-0.013593002,0.0009753824,0.0015801704,0.0019963805,-0.10632974,-0.003964504,-0.0111477645,-0.006531824,-0.0504293,-0.09129433,0.11646853,0.08460062,0.22490336,0.0,0.039433222,0.05406733,0.042279772,-0.0407641,-0.041378383,0.0,-0.029640725,0.017599659,0.017947996,-0.035789326,0.02264968,0.0
-0.07705866,0.06820838,-0.03599932,-0.0025626065,-0.011374922,0.0,-0.015242405,0.003751909,0.0016427157,0.0022683486,-0.13640398,-0.0018266349,0.0014051842,-0.0065257326,-0.06425616,0.065673664,-0.00825755,0.087848604,0.24310572,0.0,0.011086405,0.008625682,0.032202113,0.01532428,-0.043821916,0.0,-0.04427533,0.0050566266,0.004181104,0.028336298,-0.009610611,0.0
-0.482979,-0.06582312,-0.0049454393,-0.0030237483,0.0041914717,0.0,-0.0058805463,0.0016377114,0.0013725399,0.0017222667,-0.041181065,-0.008607768,0.0045245113,-0.003350903,-0.025004774,0.10218145,-0.4163535,0.095782,0.16305272,0.0,0.04860949,-0.00046759858,-0.17854692,-0.023261476,-0.010513551,0.0,-0.023731329,0.0112787755,-0.0136529375,-0.025656456,0.04717188,0.0
0.42286104,0.00066014286,0.02524167,0.00027402124,0.045696456,0.0,-0.008645673,0.0035331566,0.0012546369,0.0006392506,0.016057424,0.006570295,0.0049868496,-0.008194329,-0.0038113645,0.043668628,0.04762704,0.031960856,0.1571421,0.0,0.009218356,0.06815059,-0.19938156,-0.023920495,0.043294337,0.0,-0.030950604,-0.077723205,-0.011005946,0.0024659878,0.035108075,0.0
0.33238488,-0.0068125967,-0.06957448,0.0058759158,0.02251986,0.0,-0.006668724,-0.016805854,0.0009706538,-0.0005721025,0.028518965,0.023337508,0.005441204,-0.0087677045,-0.04776663,-0.0005126928,-0.20004873,-0.34419242,0.23234062,0.0,-0.011075416,0.014561009,-0.0056779054,0.007875645,0.02988647,0.0,-0.06811287,-0.0782676,0.028078264,-0.031833414,0.05387824,0.0
0.42230138,0.007224858,-0.07801847,0.00015770142,0.021183435,0.0,-0.006698059,-0.017129049,0.00057157583,-0.00050657656,0.019350309,-0.0078122243,-0.014339475,-0.007259664,-0.041629095,0.00010638228,-0.18262638,-0.3422629,0.24107365,0.0,-0.00084291457,-0.042457268,-0.01796025,0.006274071,0.07700048,0.0,-0.033901136,-0.08705477,0.027152339,0.004766832,0.081270106,0.0
0.3402572,0.028079757,-0.0061350195,0.000113231436,0.01795508,0.0,-0.013150178,-0.015714835,0.0010745982,0.0010716481,0.022396035,-0.0042348984,-0.0086924,-0.011810052,-0.024915524,-0.0010206908,0.00901293,-0.40762332,0.2050363,0.0,0.004803525,0.06628814,0.0031451029,0.0013477998,0.07230555,0.0,-0.031528495,-0.07884587,0.063363194,0.013868914,0.030658944,0.0
0.5022327,0.049932916,-0.013728395,0.0012367358,0.022918785,0.0,-0.008441988,-0.015447085,0.0017907487,-0.0004924858,0.022121063,-0.008751497,0.0033800337,0.030264579,0.01848521,-0.046680454,-0.2634312,-0.3218135,0.25072536,0.0,-0.005768712,0.02926202,-0.04215147,-0.007928044,-0.03925175,0.0,-0.027060222,-0.08304571,0.10068517,-0.012331958,0.075054504,0.0
0.7207048,0.05009948,-0.0789332,-0.00022762704,0.024608541,0.0,-0.013179514,-0.008704063,0.0013204834,-0.00049242866,0.017358806,-0.004863898,0.0027981973,0.041046623,0.039570577,-0.042014867,0.009853374,-0.34805924,0.27576345,0.0,-0.0002852183,-0.092571884,0.0008466232,-0.03815844,0.08842847,0.0,-0.025365716,-0.09340111,0.003791505,0.014912759,0.094238095,0.0
0.75721973,0.044046443,-0.094836116,-0.00020769896,0.03596732,0.0,-0.0016850892,-0.008704063,0.0017907487,-0.0010038764,-0.03603854,-0.004254635,0.001276917,-0.014325274,0.03148303,-0.030882848,0.049092222,-0.46050817,0.15858132,0.0,0.0065936614,-0.022317426,-0.030493256,-0.008308497,-0.03231534,0.0,0.018257612,-0.099730805,-0.043319475,-0.019689372,-0.03548064,0.0
0.66638106,0.05151184,-0.029945137,-0.00020544603,0.025850367,0.0,-0.012704799,-0.009694309,0.0013204834,-0.00048489636,-0.063818395,-0.0038205315,0.003750918,-0.013501936,0.046840172,-0.02985125,-0.019166365,-0.39132062,0.27051204,0.0,-0.05646851,0.006735155,-0.06734837,0.0273948,0.046677202,0.0,-0.045161143,-0.10713076,0.05924746,-0.004746999,0.07096961,0.0
0.8017073,0.032987192,-0.103111595,0.00015753604,-0.0057160077,0.0,-0.001503645,-0.010685516,0.00043405552,-0.00033227482,0.017070303,0.0046303356,0.00035645041,-0.014679784,0.01730699,-0.03591268,0.030749455,-0.4474597,0.16642079,0.0,0.001960149,0.008292183,-0.031647604,-0.017582577,0.033470046,0.0,-0.026223067,0.017095279,-0.01226124,0.046917766,-0.013631914,0.0
0.7050064,-0.010109865,-0.08160024,0.0005616309,0.033907246,0.0,-0.00090706017,-0.0109043345,0.0020323568,-0.00028760728,0.01984433,0.0024327766,0.0011031362,-0.01403525,0.04066469,-0.027050937,0.048173014,-0.42297158,0.07106851,0.0,-0.030463414,0.0040764855,-0.0647854,-0.0009495353,0.015753288,0.0,-0.04148868,-0.015853712,0.018459957,-0.038034305,0.013943472,0.0
0.69722646,0.01486159,-0.11044082,0.00025823395,0.0015535968,0.0,-0.0010824898,-0.009615414,0.002740112,-0.00064860715,0.016315317,-0.0034600631,-0.0036179703,-0.012989646,0.1052369,-0.019121824,0.035085678,-0.4369625,0.10919075,0.0,0.029329326,0.045938473,0.034662995,-0.009108323,-0.035512883,0.0,-0.023215063,-0.048246145,0.08513162,-0.021181036,0.016155418,0.0
0.7095911,0.008261169,-0.08066837,-0.00031184923,0.005306811,0.0,-0.0030550635,0.0012894616,0.0024984244,0.0008952633,0.021766696,-0.009054106,-0.007492341,-0.013916656,0.21945761,-0.023879346,0.05118138,-0.4051993,0.18478957,0.0,-0.00250516,0.042973593,-0.047840703,-0.07668431,-0.025536709,0.0,-0.0071752267,0.04273691,-0.025699286,-0.029244356,0.02155376,0.0
0.5924316,0.021314878,-0.07816076,0.00027381573,-0.0062074834,0.0,-0.0011636893,0.0023169562,0.0009043207,-0.00015546552,0.02030369,-0.008627783,0.005169589,0.05699811,0.24201526,-0.024915984,0.06363641,-0.3065569,0.13901694,0.0,0.017018445,0.03373804,0.012291675,0.05601707,0.03186141,0.0,0.05143153,-0.13803208,0.0004908026,0.0012315074,0.033098187,0.0
0.66052586,0.0104043875,-0.117924936,0.00038844155,-0.011708569,0.0,-0.0012278835,0.0045766416,0.0022740443,-0.0004281834,0.02519144,-0.003400668,0.003281292,0.05792899,0.06842933,-0.021854043,0.064704545,-0.39038256,0.11784212,0.0,0.0024981427,-0.10606038,-0.013202854,-0.0119391875,0.062930934,0.0,-0.03528865,-0.10735736,-0.02066706,-0.034146376,0.03279667,0.0
0.7071904,0.010009005,-0.1326695,0.00027094298,-0.0070310375,0.0,0.00019705528,0.0011728561,0.002502622,0.0007652506,-0.07421395,-0.0080535365,0.0004827818,-0.012672976,0.046817627,-0.009790192,0.056369144,-0.41023526,0.15094733,0.0,0.02815073,0.011580858,0.033289567,-0.061598413,0.01985001,0.0,0.01786099,-0.009750343,0.08257438,-0.06475721,-0.015333698,0.0
0.13090819,0.015438851,-0.033237785,-0.00026941687,0.0011975126,0.0,-0.0007957179,-0.0009229725,0.0027023298,0.0016542568,-0.114735834,-0.0024320693,0.001127908,-0.014488686,0.041330177,-0.024719069,0.039806277,-0.3705987,0.19354197,0.0,-0.0120358635,-0.02413315,0.045004807,-0.0019832684,-0.03160628,0.0,-0.008616744,0.043917444,0.020591209,0.052753255,0.015979912,0.0
0.19423416,-0.020988265,-0.027571922,0.0004451759,-0.010544911,0.0,-0.007946499,-0.0027471483,0.0024606423,0.0016777875,0.03211961,0.0022549788,0.0012178271,-0.016382022,0.12045797,-0.017397,0.06423295,-0.33140796,0.3009539,0.0,0.03328866,0.07183042,0.037214972,-0.03920218,-0.026247842,0.0,-0.031887706,-0.099169455,0.011437584,-0.031411428,0.0005300976,0.0
0.19955263,-0.04061773,-0.019333309,0.00016742846,0.003696694,0.0,-0.0024147765,-0.00089485274,0.002262172,-3.7830643e-05,0.036267374,0.0050098067,0.00092059583,-0.014689653,0.10991515,-0.013892666,0.04756118,-0.35888687,0.19657002,0.0,0.021374162,-0.0018612688,0.07732075,-0.011289575,0.016572999,0.0,-0.013359133,0.034454897,-0.017027682,-6.03499e-05,-0.014287901,0.0
0.33501938,0.025632367,-0.026434306,0.00044463013,0.0025681346,0.0,-0.0009525824,-0.00042560435,0.0022278673,-0.00030402603,0.029672261,-0.0019916845,-0.0019174779,-0.013151088,0.06361963,-0.027540011,0.05002497,-0.33668274,0.1361483,0.0,-0.018058468,-0.016772388,-0.03605033,0.0009472732,0.023512108,0.0,-0.047869746,0.08019763,-0.0048847613,0.07566518,0.037221365,0.0
0.20139705,-0.010140086,-0.04595296,0.00041071657,-0.015215124,0.0,-0.0021081395,-0.0001347322,0.0007491646,-0.00067765,0.02663614,-0.00102047,-0.0041834237,-0.010098766,-0.023182388,-0.019992255,0.05922708,-0.26043317,0.0066336957,0.0,-0.0882295,-0.013660781,0.074282356,-0.016413547,0.016234703,0.0,-0.030923104,-0.007872984,0.035431713,-0.040262736,0.030883478,0.0
0.21370246,-0.0026887096,-0.025485475,6.284411e-05,-0.010398871,0.0,-0.004907421,-0.0014660513,0.0012293383,0.00033703027,0.034481343,-0.0016693539,0.0034413708,0.04934908,-0.032863565,-0.009646976,0.08629779,-0.34780037,0.116382286,0.0,0.04021774,0.07517512,0.03753988,0.009084196,0.0266227,0.0,-0.042532112,-0.0730028,0.006570393,-0.02245442,0.05117134,0.0
-0.04008292,0.00829801,-0.014882319,-0.0021995818,0.0035717473,0.0,-0.0015660462,-0.0019420343,0.0013099907,-0.000317602,0.033410225,-0.0009996217,0.0014957141,0.052026592,0.025610149,-0.007638224,0.07984347,-0.328634,0.19113287,0.0,-0.0001849075,-0.013247512,0.07162997,0.033517886,0.014389617,0.0,0.018238062,0.0031468426,-0.030201804,0.065801665,0.01182083,0.0
